,backnumber,player_id,team_id,position,birthday,profile,school
0,37,강동훈,KIA,투수,11/23/2000,"185cm, 98kg",천안남산초-청주중-청주고-중앙대
1,13,강민제,KIA,내야수,2/10/2005,"181cm, 82kg",군산중앙초-군산중-군산상일고
2,2,강이준,KIA,투수,4/7/1998,"190cm, 86kg",발산초-덕수중-구리인창고-KIA-상무
3,57,고종욱,KIA,외야수,1/11/1989,"184cm, 83kg",역삼초-대치중-경기고-한양대-히어로즈-상무-히어로즈-SK-SSG
4,0,곽도규,KIA,투수,4/12/2004,"185cm, 90kg",도척초-공주중-공주고
5,20,권혁경,KIA,포수,1/23/2002,"187cm, 94kg",중대초-잠신중-신일고
6,43,김건국,KIA,투수,2/2/1988,"183cm, 86kg",한서초(서부리틀)-청량중-덕수정보고-두산-KT-롯데
7,14,김규성,KIA,내야수,3/8/1997,"185cm, 88kg",갈산초-선린중-선린인터넷고
8,53,김기훈,KIA,투수,1/3/2000,"184cm, 93kg",광주수창초-무등중-광주동성고-KIA-상무
9,69,김대유,KIA,투수,5/8/1991,"187cm, 92kg",부산중앙초-부산중-부산고-히어로즈-SK-KT-LG
10,5,김도영,KIA,내야수,10/2/2003,"183cm, 85kg",광주대성초-광주동성중-광주동성고
11,60,김도현,KIA,투수,9/15/2000,"183cm, 87kg",길원초(동대문구리틀)-잠신중-신일고-한화
12,12,김두현,KIA,내야수,4/25/2003,"178cm, 80kg",수원신곡초-공주중-공주고-동원대
13,4,김민수,KIA,외야수,4/5/2000,"186cm, 87kg",부산수영초-경남중-경남고
14,61,김민재,KIA,투수,7/8/2003,"188cm, 85kg",효제초-청량중-신일고-동원과학기술대
15,49,김민주,KIA,투수,9/8/2002,"182cm, 85kg",서울청담초(성동구리틀)-건대부중-배명고-강릉영동대
16,21,김사윤,KIA,투수,6/8/1994,"182cm, 90kg",광주화정초-무등중-화순고-SK-상무-SK-SSG
17,35,김석환,KIA,외야수,2/28/1999,"187cm, 97kg",광주서석초-광주동성중-광주동성고
18,3,김선빈,KIA,내야수,12/18/1989,"165cm, 77kg",화순초-화순중-화순고-KIA-상무
19,17,김세일,KIA,투수,3/2/2003,"188cm, 91kg",부산수영초-개성중-용마고
0,24,김승현,KIA,투수,7/9/1992,"180cm, 105kg",노암초-경포중-강릉고-건국대-삼성-상무-삼성
1,10,김재현,KIA,내야수,12/2/2000,"176cm, 81kg",광주화정초-건대부중-경기고-송원대
2,46,김정엽,KIA,투수,4/18/2006,"185cm, 96kg",부산수영초-개성중-부산고
3,42,김태군,KIA,포수,12/30/1989,"182cm, 92kg",양정초-대동중-부산고-LG-NC-경찰-NC-삼성
4,10,김태형,KIA,투수,12/15/2006,"184cm, 95kg",화순초-거원중-덕수고
5,32,김현수,KIA,투수,7/10/2000,"185cm, 90kg",효제초-홍은중-장충고-롯데-KIA-상무
6,27,김호령,KIA,외야수,4/30/1992,"178cm, 85kg",관산초-안산중앙중-군산상고-동국대-KIA-경찰
7,47,나성범,KIA,외야수,10/3/1989,"183cm, 100kg",광주대성초-진흥중-진흥고-연세대-NC
8,29,나연우,KIA,투수,7/24/2006,"184cm, 90kg",상일초-배재중-휘문고
9,40,네일,KIA,투수,2/8/1993,"193cm, 83kg",미국 Alabama at Birmingham(대)
10,3,박건우,KIA,투수,6/3/1998,"193cm, 97kg",다솜초-언북중-덕수고-고려대
11,2,박민,KIA,내야수,6/5/2001,"184cm, 84kg",갈산초-성남중-야탑고-KIA-상무
12,5,박상준,KIA,내야수,8/21/2001,"178cm, 104kg",석교초-세광중-세광고-강릉영동대
13,36,박재현,KIA,외야수,12/8/2006,"180cm, 73kg",동막초-재능중-인천고
14,15,박정우,KIA,외야수,2/1/1998,"175cm, 68kg",역삼초-언북중-덕수고
15,31,박준표,KIA,투수,6/26/1992,"181cm, 93kg",송정동초-진흥중-중앙고-동강대-KIA-경찰
16,1,박찬호,KIA,내야수,6/5/1995,"178cm, 72kg",신답초-건대부중-장충고
17,36,박헌,KIA,외야수,1/5/2006,"185cm, 90kg",광주수창초-충장중-광주제일고
18,29,변우혁,KIA,내야수,3/18/2000,"185cm, 100kg",일산초-현도중-북일고-한화-상무-한화
19,58,서건창,KIA,내야수,8/22/1989,"176cm, 84kg",송정동초-충장중-광주제일고-LG-히어로즈-키움-LG
0,39,성영탁,KIA,투수,7/28/2004,"180cm, 89kg",동주초(부산서구리틀)-개성중-부산고
1,42,신명승,KIA,포수,11/2/2002,"183cm, 94kg",광주수창초-진흥중-진흥고
2,59,양수호,KIA,투수,9/9/2006,"187cm, 82kg",보성초(대전중구리틀)-공주중-공주고
3,54,양현종,KIA,투수,3/1/1988,"183cm, 91kg",학강초-광주동성중-광주동성고-KIA-텍사스
4,31,엄준현,KIA,내야수,4/20/2006,"174cm, 75kg",서울이수초-언북중-전주고
5,8,예진원,KIA,외야수,3/16/1999,"172cm, 82kg",양정초-부산중-경남고-넥센-키움-상무-키움
6,22,오규석,KIA,투수,12/4/2001,"187cm, 97kg",희망대초-휘문중-휘문고
7,56,오선우,KIA,내야수,12/13/1996,"186cm, 95kg",성동초-자양중-배명고-인하대
8,7,오정환,KIA,내야수,3/27/1999,"185cm, 85kg",강남초-자양중-경기고
9,33,올러,KIA,투수,10/17/1994,"193cm, 102kg",미국 Northwestern State(대)
10,45,위즈덤,KIA,내야수,8/27/1991,"188cm, 99kg",미국 Saint Mary's(대)
11,50,유승철,KIA,투수,3/2/1998,"184cm, 87kg",순천북초-순천이수중-효천고
12,4,유지성,KIA,투수,11/15/2000,"189cm, 94kg",수유초-자양중-북일고
13,9,윤도현,KIA,내야수,5/7/2003,"181cm, 84kg",광주화정초-무등중-광주제일고
14,13,윤영철,KIA,투수,4/20/2004,"187cm, 87kg",창서초(서대문구리틀)-충암중-충암고
15,19,윤중현,KIA,투수,4/25/1995,"180cm, 84kg",광주서석초-무등중-광주제일고-성균관대
16,15,이도현,KIA,투수,1/7/2005,"188cm, 90kg",가동초-휘문중-휘문고
17,44,이상준,KIA,포수,12/13/2005,"182cm, 105kg",서울도곡초-대치중-경기고
18,32,이성원,KIA,투수,5/18/2006,"184cm, 90kg",호동초(화성B리틀)-안산중앙중-유신고
19,14,이승재,KIA,투수,10/4/2000,"182cm, 82kg",잠신초(강남구리틀)-강남중-휘문고-강릉영동대
0,9,이영재,KIA,외야수,1/11/2002,"185cm, 95kg",연현초-평촌중-유신고
1,25,이우성,KIA,외야수,7/17/1994,"182cm, 95kg",대전유천초-한밭중-대전고-두산-상무-두산-NC
2,48,이의리,KIA,투수,6/16/2002,"185cm, 90kg",광주수창초-충장중-광주제일고
3,11,이준범,KIA,내야수,7/16/2002,"184cm, 85kg",광주대성초-광주동성중-광주동성고
4,20,이준영,KIA,투수,8/10/1992,"177cm, 85kg",군산남초-군산중-군산상고-중앙대-KIA-상무
5,8,이창진,KIA,외야수,3/4/1991,"173cm, 85kg",신도초-동인천중-인천고-건국대-롯데-KT-상무-KT
6,28,이형범,KIA,투수,2/27/1994,"181cm, 80kg",화순초-화순중-화순고-NC-경찰-NC-두산
7,63,이호민,KIA,투수,8/26/2006,"182cm, 85kg",해남북일초(해남군리틀)-이평중-전주고
8,17,임기영,KIA,투수,4/16/1993,"184cm, 86kg",대구수창초-경운중-경북고-한화-상무
9,30,임다온,KIA,투수,6/10/2005,"187cm, 91kg",수택초(남양주리틀)-청량중-경기상고
10,6,장민기,KIA,투수,12/30/2001,"182cm, 88kg",사파초-내동중-용마고-KIA-상무
11,1,장시현,KIA,내야수,12/21/2001,"178cm, 75kg",서울도곡초-언북중-충암고
12,38,장재혁,KIA,투수,8/2/2001,"180cm, 86kg",부산금강초-대신중-경남고
13,51,전상현,KIA,투수,4/18/1996,"182cm, 88kg",남도초-경복중-대구상원고-KIA-상무
14,62,정해영,KIA,투수,8/23/2001,"189cm, 98kg",광주대성초-광주동성중-광주제일고
15,16,정해원,KIA,내야수,5/21/2004,"185cm, 87kg",제주신광초-덕수중-휘문고
16,50,조대현,KIA,투수,2/19/2005,"192cm, 85kg",남정초-영남중-강릉고
17,11,조상우,KIA,투수,9/4/1994,"186cm, 97kg",서화초-상인천중-대전고-히어로즈-키움
18,22,주효상,KIA,포수,11/11/1997,"183cm, 85kg",역북초-강남중-서울고-히어로즈-키움
19,28,최건희,KIA,투수,7/9/2002,"183cm, 70kg",가동초-덕수중-장충고-강릉영동대
0,16,최원준,KIA,외야수,3/23/1997,"178cm, 85kg",연현초-서울경원중-서울고-KIA-상무
1,23,최정용,KIA,내야수,10/24/1996,"179cm, 84kg",서원초-세광중-세광고-삼성-SK-상무
2,39,최지민,KIA,투수,9/10/2003,"185cm, 100kg",강릉율곡초(강릉리틀)-경포중-강릉고
3,34,최형우,KIA,외야수,12/16/1983,"180cm, 106kg",진북초-전주동중-전주고-삼성-경찰-삼성
4,26,한승택,KIA,포수,6/21/1994,"174cm, 83kg",잠전초(남양주리틀)-잠신중-덕수고-한화-경찰
5,55,한준수,KIA,포수,2/13/1999,"184cm, 95kg",광주서석초-광주동성중-광주동성고
6,21,홍원빈,KIA,투수,10/16/2000,"195cm, 101kg",안말초-강남중-덕수고
7,6,홍종표,KIA,내야수,5/2/2000,"178cm, 72kg",동막초-영남중-강릉고-KIA-상무
8,52,황대인,KIA,내야수,2/10/1996,"178cm, 100kg",군산신풍초-자양중-경기고-KIA-상무
9,41,황동하,KIA,투수,7/30/2002,"183cm, 96kg",진북초-전라중-인상고
0,127,강민성,삼성,내야수,2/22/2006,"183cm, 85kg",연현초-잠신중-안산공고
1,47,강민호,삼성,포수,8/18/1985,"185cm, 100kg",제주신광초-포철중-포철공고-(국제디지털대)-롯데
2,6,강한울,삼성,내야수,9/12/1991,"181cm, 66kg",사당초-중앙중-안산공고-원광대-KIA-삼성-상무
3,9,공민규,삼성,내야수,9/27/1999,"183cm, 85kg",서화초-동산중-인천고-삼성-상무
4,5,구자욱,삼성,외야수,2/12/1993,"189cm, 75kg",본리초-경복중-대구고-삼성-상무
5,41,권현우,삼성,투수,3/28/2006,"190cm, 93kg",서림초-충장중-광주제일고
6,17,김대우,삼성,투수,11/21/1988,"183cm, 85kg",역삼초-대치중-서울고-홍익대-히어로즈-상무-히어로즈
7,44,김대호,삼성,투수,10/15/2001,"185cm, 100kg",제주신광초-이평중-군산상고-고려대
8,24,김도환,삼성,포수,4/14/2000,"178cm, 90kg",언북초(의정부리틀)-영동중-신일고-삼성-상무
9,123,김동현,삼성,투수,5/25/2001,"186cm, 95kg",용현초(인천남구리틀)-동인천중-인천고-강릉영동대
10,12,김민수,삼성,포수,3/2/1991,"177cm, 80kg",대구옥산초-경복중-대구상원고-영남대-한화-상무
11,120,김백산,삼성,투수,10/13/2003,"183cm, 86kg",남산초-원주중-강릉고-부산과학기술대
12,125,김상준,삼성,내야수,12/30/2002,"176cm, 75kg",양덕초-마산동중-물금고-동원과학기술대
13,122,김성경,삼성,투수,10/1/1999,"181cm, 84kg",학강초-망운중-광주동성고-송원대(얼리 드래프트)
14,39,김성윤,삼성,외야수,2/2/1999,"163cm, 62kg",창신초(부산진구리틀)-원동중-포항제철고
15,30,김영웅,삼성,내야수,8/24/2003,"183cm, 81kg",공주중동초-야로중-물금고
16,119,김유현,삼성,투수,2/7/2004,"184cm, 93kg",광주서석초-광주동성중-광주동성고-동강대
17,48,김윤수,삼성,투수,12/8/1999,"185cm, 95kg",온양온천초-온양중-북일고-(대구대)-삼성-상무
18,2,김재성,삼성,포수,10/30/1996,"185cm, 85kg",신광초-성남중-덕수고-LG-경찰-LG
19,62,김재윤,삼성,투수,9/16/1990,"185cm, 91kg",서울도곡초-휘문중-휘문고-KT
0,8,김재혁,삼성,외야수,12/26/1999,"182cm, 85kg",제주남초-제주제일중-제주고-동아대-삼성-상무
1,124,김재형,삼성,포수,11/22/2005,"186cm, 102kg",봉천초-선린중-덕수고
2,58,김지찬,삼성,외야수,3/8/2001,"163cm, 64kg",백사초(이천시리틀)-모가중-라온고
3,108,김태근,삼성,외야수,8/10/1996,"175cm, 74kg",광진초(광진구리틀)-건대부중-배명고-건국대-두산-상무
4,25,김태훈,삼성,외야수,3/31/1996,"177cm, 78kg",진흥초(안산리틀)-평촌중-유신고-KT
5,27,김태훈,삼성,투수,3/2/1992,"187cm, 101kg",남부민초-대신중-부경고-히어로즈-경찰-히어로즈-키움
6,32,김헌곤,삼성,외야수,11/9/1988,"174cm, 81kg",회원초-경복중-제주관광고-영남대-삼성-상무
7,60,김호진,삼성,내야수,7/16/2005,"183cm, 84kg",송정동초-충장중-진흥고
8,0,디아즈,삼성,내야수,11/19/1996,"188cm, 105kg",도미니카 Daniel Smith(고)
9,43,레예스,삼성,투수,11/2/1996,"198cm, 113kg",도미니카 Melida Altagracia Baez(고)
10,16,류지혁,삼성,내야수,1/13/1994,"181cm, 75kg",청원초-선린중-충암고-두산-상무-두산-KIA
11,52,박병호,삼성,내야수,7/10/1986,"185cm, 107kg",영일초(광명리틀)-영남중-성남고-상무-LG-히어로즈-미네소타-넥센-키움-KT
12,107,박승규,삼성,외야수,9/2/2000,"178cm, 80kg",일산초-덕수중-경기고-삼성-상무
13,116,박장민,삼성,내야수,9/2/2003,"179cm, 80kg",칠성초-경상중-대구고
14,101,박주혁,삼성,투수,5/18/2001,"182cm, 82kg",남정초-덕수중-휘문고-삼성-상무
15,113,박준용,삼성,투수,12/19/2003,"184cm, 92kg",북삼초(구미시리틀)-구미중-경북고-수성대
16,111,박진우,삼성,포수,10/14/2003,"176cm, 87kg",글꽃초(대전중구리틀)-현도중-청주고
17,55,배찬승,삼성,투수,1/1/2006,"180cm, 85kg",옥산초-협성경복중-대구고
18,29,백정현,삼성,투수,7/13/1987,"184cm, 80kg",대구옥산초-대구중-대구상원고
19,46,송은범,삼성,투수,3/17/1984,"182cm, 93kg",서흥초-동산중-동산고-SK-KIA-한화-LG
0,110,신경민,삼성,투수,3/16/2004,"186cm, 103kg",칠성초-경상중-대구고
1,38,심재훈,삼성,내야수,3/3/2006,"180cm, 80kg",삼일초-평촌중-유신고
2,14,안주형,삼성,내야수,8/14/1993,"176cm, 68kg",부산중앙초-부산중-부경고-영남대
3,68,양도근,삼성,내야수,2/6/2003,"173cm, 72kg",인천동막초-상인천중-장안고-강릉영동대
4,53,양우현,삼성,내야수,4/13/2000,"175cm, 82kg",남정초-충암중-충암고
5,42,양창섭,삼성,투수,9/22/1999,"182cm, 85kg",녹천초(노원구리틀)-청량중-덕수고
6,19,양현,삼성,투수,8/23/1992,"189cm, 104kg",영랑초-한밭중-대전고-두산-상무-히어로즈-키움
7,21,오승환,삼성,투수,7/15/1982,"178cm, 93kg",도신초-우신중-경기고-단국대-삼성-한신-세인트루이스-토론토-콜로라도
8,103,오현석,삼성,내야수,3/5/2001,"183cm, 99kg",고명초-홍은중-안산공고
9,128,우승완,삼성,투수,9/6/2005,"186cm, 90kg",대전구봉초(계룡시리틀)-충남중-세광고
10,18,원태인,삼성,투수,4/6/2000,"183cm, 92kg",율하초(중구리틀)-경복중-경북고
11,102,유병선,삼성,투수,9/12/2005,"181cm, 84kg",무학초(성동구리틀)-청량중-경동고
12,4,육선엽,삼성,투수,7/13/2005,"190cm, 90kg",백마초-서울신월중-장충고
13,31,윤정빈,삼성,외야수,6/24/1999,"182cm, 93kg",신도초-부천중-부천고-삼성-상무
14,23,이병헌,삼성,포수,10/26/1999,"180cm, 87kg",인천숭의초-인천신흥중-제물포고
15,15,이상민,삼성,투수,11/4/1990,"180cm, 85kg",남도초(수성리틀)-대구중-경북고-동의대-NC-히어로즈-경찰-히어로즈-키움
16,13,이성규,삼성,외야수,8/3/1993,"178cm, 82kg",광주대성초-광주동성중-광주동성고-인하대-삼성-경찰
17,28,이승민,삼성,투수,8/26/2000,"174cm, 79kg",본리초-경상중-대구고-삼성-상무
18,57,이승현,삼성,투수,5/19/2002,"183cm, 102kg",남도초-경복중-대구상원고
19,20,이승현,삼성,투수,11/20/1991,"181cm, 92kg",화순초-진흥중-화순고-LG
0,26,이재익,삼성,투수,3/18/1994,"180cm, 76kg",삼일초-중앙중-유신고
1,7,이재현,삼성,내야수,2/4/2003,"180cm, 82kg",서울이수초-선린중-서울고
2,59,이재희,삼성,투수,10/11/2001,"187cm, 100kg",대전신흥초-한밭중-대전고-삼성-상무
3,117,이진용,삼성,외야수,6/30/2006,"183cm, 80kg",평택부용초(모현메이필드)-평택청담중-북일고
4,50,이창용,삼성,내야수,6/3/1999,"184cm, 89kg",을지초(노원구리틀)-청량중-신흥고-강릉영동대
5,56,이해승,삼성,내야수,8/1/2000,"180cm, 86kg",인천서림초-인천신흥중-인천고-삼성-상무
6,118,이현준,삼성,내야수,4/20/2001,"182cm, 80kg",연현초-금릉중-비봉고-한양대
7,1,이호성,삼성,투수,8/14/2004,"184cm, 87kg",도원초(부천소사리틀)-동인천중-인천고
8,45,임창민,삼성,투수,8/25/1985,"183cm, 94kg",광주대성초-광주동성중-광주동성고-연세대-히어로즈-경찰-히어로즈-NC-두산
9,34,전병우,삼성,내야수,10/24/1992,"182cm, 93kg",동삼초-경남중-개성고-동아대-롯데-키움
10,148,정민성,삼성,투수,5/9/2005,"184cm, 98kg",군산중앙초-군산중-군산상일고
11,104,주한울,삼성,외야수,6/8/2002,"183cm, 83kg",성동초-건대부중-배명고
12,115,진희성,삼성,투수,5/18/2006,"179cm, 90kg",인천서림초-우신중-동산고
13,106,차동영,삼성,포수,11/1/2002,"181cm, 82kg",갈곡초(기흥구리틀)-모가중-강릉고
14,35,차승준,삼성,내야수,11/20/2006,"181cm, 88kg",무학초-창원신월중-용마고
15,114,천겸,삼성,투수,1/25/2006,"179cm, 88kg",수영초-개성중-부산고
16,54,최성훈,삼성,투수,10/11/1989,"178cm, 75kg",가동초-잠신중-경기고-경희대-LG
17,109,최예한,삼성,투수,6/2/2002,"183cm, 90kg",양정초-포항제철중-포항제철고-성균관대
18,3,최원태,삼성,투수,1/7/1997,"184cm, 104kg",인헌초(용산구리틀)-서울경원중-서울고-히어로즈-키움-LG
19,11,최지광,삼성,투수,3/13/1998,"173cm, 85kg",감천초-대신중-부산고-삼성-상무
0,51,최충연,삼성,투수,3/5/1997,"190cm, 85kg",대구수창초-대구중-경북고
1,37,최하늘,삼성,투수,3/26/1999,"190cm, 99kg",서울학동초-자양중-경기고-롯데-상무
2,40,함수호,삼성,외야수,3/10/2006,"181cm, 88kg",구미인동초(구미시리틀)-협성경복중-대구상원고
3,65,홍원표,삼성,투수,3/27/2001,"183cm, 86kg",신도초-부천중-부천고
4,112,홍준영,삼성,투수,8/18/2004,"180cm, 76kg",중앙초(안산리틀)-일직중-경주고-동원과학기술대
5,63,홍현빈,삼성,외야수,8/29/1997,"174cm, 70kg",수원신곡초-매송중-유신고-KT-상무
6,61,황동재,삼성,투수,11/3/2001,"191cm, 97kg",율하초-경운중-경북고
7,75,후라도,삼성,투수,1/30/1996,"188cm, 109kg",파나마 San Judas Tadeo(고)-키움
0,100,강민,LG,투수,4/20/2001,"188cm, 88kg",수유초-홍은중-서울고
1,116,고영웅,LG,투수,7/29/2004,"180cm, 90kg",태전초(경기광주시리틀)-모가중-야로고BC-동원대
2,6,구본혁,LG,내야수,1/11/1997,"177cm, 75kg",중대초-잠신중-장충고-동국대-LG-상무
3,37,김강률,LG,투수,8/28/1988,"187cm, 95kg",문촌초(일산리틀)-장성중-경기고-두산-상무-두산
4,12,김대현,LG,투수,3/8/1997,"188cm, 100kg",홍연초(마포구리틀)-홍은중-선린인터넷고
5,107,김도윤,LG,내야수,2/17/2005,"180cm, 71kg",화중초(덕양구리틀)-경기신일중-야탑고
6,16,김민수,LG,내야수,3/18/1998,"184cm, 97kg",서화초-동산중-제물포고-롯데-경찰-롯데
7,55,김범석,LG,포수,5/21/2004,"178cm, 110kg",김해삼성초-경남중-경남고
8,44,김성우,LG,포수,11/15/2003,"180cm, 85kg",성동초-건대부중-배재고
9,36,김성진,LG,내야수,3/17/2000,"183cm, 100kg",수원신곡초-매향중-야탑고
10,103,김수인,LG,내야수,10/19/1997,"178cm, 81kg",광주화정초-자양중-신일고-중앙대
11,67,김영우,LG,투수,1/14/2005,"185cm, 90kg",양원초(서대문구리틀)-신월중-서울고
12,35,김영준,LG,투수,1/12/1999,"185cm, 90kg",인천연학초-선린중-선린인터넷고
13,129,김웅,LG,투수,5/10/2002,"191cm, 96kg",동막초-동산중-인천고-강릉영동대
14,0,김유영,LG,투수,5/2/1994,"180cm, 83kg",양정초-개성중-경남고-롯데-상무-롯데
15,115,김의준,LG,투수,10/16/1999,"183cm, 80kg",학강초-광주동성중-광주동성고
16,122,김종운,LG,투수,9/11/2006,"186cm, 85kg",국산초(거제시리틀)-동강중-창원공고
17,5,김주성,LG,내야수,1/30/1998,"180cm, 81kg",수원신곡초-덕수중-휘문고
18,57,김주온,LG,투수,12/8/1996,"187cm, 89kg",울산대현초-구미중-울산공고-SK-SSG
19,120,김지용,LG,투수,10/7/2002,"180cm, 75kg",구리초(구리리틀)-구리인창중-라온고
0,42,김진성,LG,투수,3/7/1985,"186cm, 90kg",인헌초-성남중-성남서고-SK-NC
1,45,김진수,LG,투수,8/31/1998,"179cm, 82kg",이세초-군산중-군산상고-중앙대
2,22,김현수,LG,외야수,1/12/1988,"188cm, 105kg",쌍문초-신일중-신일고-두산-볼티모어-필라델피아
3,66,김현종,LG,외야수,8/4/2004,"186cm, 85kg",상인천초-동인천중-인천고
4,102,김형욱,LG,투수,1/29/2002,"187cm, 90kg",동일중앙초-부산중-부산고
5,2,문보경,LG,내야수,7/19/2000,"182cm, 88kg",송중초(동대문구리틀)-덕수중-신일고
6,8,문성주,LG,외야수,2/20/1997,"175cm, 78kg",포항서초-포항제철중-경북고-강릉영동대
7,53,문정빈,LG,내야수,8/15/2003,"186cm, 90kg",가동초-잠신중-서울고
8,123,박건우,LG,내야수,10/19/1998,"180cm, 85kg",송정동초-광주동성중-광주동성고-단국대
9,64,박관우,LG,외야수,3/22/2006,"174cm, 82kg",욱수초(경산시리틀)-경운중-경북고
10,27,박동원,LG,포수,4/7/1990,"178cm, 92kg",양정초-개성중-개성고-히어로즈-상무-히어로즈-키움-KIA
11,39,박명근,LG,투수,3/27/2004,"174cm, 75kg",수택초(구리리틀)-구리인창중-라온고
12,106,박민호,LG,포수,4/6/1998,"177cm, 80kg",본리초-경상중-대구상원고-경남대
13,121,박시원,LG,투수,4/12/2006,"193cm, 93kg",송수초(해운대구리틀)-센텀중-경남고
14,17,박해민,LG,외야수,2/24/1990,"180cm, 75kg",영중초-양천중-신일고-한양대-삼성
15,25,배재준,LG,투수,11/24/1994,"188cm, 85kg",본리초-경상중-대구상원고
16,114,백선기,LG,투수,8/27/1998,"186cm, 70kg",남도초-경상중-대구상원고-KT
17,61,백승현,LG,투수,5/26/1995,"183cm, 90kg",소래초-상인천중-인천고
18,60,서영준,LG,외야수,3/18/2006,"186cm, 90kg",화정초-진흥중-전주고
19,34,성동현,LG,투수,5/18/1999,"189cm, 108kg",백마초-홍은중-장충고
0,118,성준서,LG,투수,4/9/2006,"190cm, 96kg",빛가온초(광명시리틀)-평촌중-경기항공고
1,113,손용준,LG,내야수,2/15/2000,"178cm, 85kg",김해화정초(김해시리틀)-내동중-김해고-동원과학기술대
2,29,손주영,LG,투수,12/2/1998,"191cm, 95kg",울산대현초-개성중-경남고
3,13,송승기,LG,투수,4/10/2002,"180cm, 90kg",삼일초-매향중-야탑고-LG-상무
4,14,송찬의,LG,외야수,2/20/1999,"182cm, 77kg",화곡초-선린중-선린인터넷고
5,4,신민재,LG,내야수,1/21/1996,"171cm, 67kg",서흥초-동인천중-인천고
6,108,심규빈,LG,외야수,3/27/2001,"181cm, 81kg",잠전초(동대문구리틀)-언북중-서울고-성균관대
7,28,심창민,LG,투수,2/1/1993,"185cm, 86kg",동삼초-경남중-경남고-삼성-상무-삼성-NC
8,109,안시후,LG,투수,5/2/2006,"190cm, 84kg",신곡초-안산중앙중-부천고
9,15,안익훈,LG,외야수,2/12/1996,"176cm, 76kg",대전신흥초-충남중-대전고
10,30,에르난데스,LG,투수,5/3/1995,"185cm, 97kg",베네수엘라 U.E.N Monsenor Perez Leon(고)
11,23,오스틴,LG,내야수,10/14/1993,"183cm, 97kg",미국 Klein Collins(고)
12,10,오지환,LG,내야수,3/12/1990,"185cm, 80kg",군산초-자양중-경기고
13,20,우강훈,LG,투수,10/3/2002,"183cm, 88kg",희망대초-매송중-야탑고-롯데
14,110,우정안,LG,내야수,1/3/2006,"181cm, 79kg",의왕부곡초-이수중-덕수고
15,54,유영찬,LG,투수,3/7/1997,"185cm, 90kg",덕성초(안산리틀)-배명중-배명고-건국대
16,105,이믿음,LG,투수,7/18/2000,"188cm, 80kg",노암초-경포중-강릉고-강릉영동대
17,7,이영빈,LG,내야수,6/17/2002,"181cm, 85kg",대전동산초(대전중구리틀)-충남중-세광고-LG-상무
18,21,이우찬,LG,투수,8/4/1992,"185cm, 97kg",온양온천초-온양중-북일고-LG-경찰
19,40,이종준,LG,투수,3/9/2001,"191cm, 93kg",군산중앙초-군산남중-군산상고
0,26,이주헌,LG,포수,3/4/2003,"185cm, 92kg",서울이수초-성남중-성남고
1,32,이지강,LG,투수,7/2/1999,"183cm, 85kg",수원선일초-수원북중-소래고
2,65,이태훈,LG,내야수,8/21/2006,"183cm, 83kg",가동초-덕수중-경동고
3,0,이한림,LG,포수,11/18/2006,"182cm, 92kg",해남동초(해남군리틀)-화순중-전주고
4,59,임준형,LG,투수,11/16/2000,"180cm, 87kg",광주서석초-진흥중-진흥고-LG-상무
5,1,임찬규,LG,투수,11/20/1992,"185cm, 80kg",가동초-청원중-휘문고-LG-경찰
6,50,장현식,LG,투수,2/24/1995,"181cm, 91kg",신도초-서울이수중-서울고-NC-경찰-NC-KIA
7,128,전경원,LG,포수,3/18/1999,"184cm, 95kg",연현초-성남중-성남고-SK-상무-SSG
8,111,전준호,LG,투수,7/1/1998,"181cm, 80kg",양도초-강남중-청원고
9,18,정우영,LG,투수,8/19/1999,"193cm, 99kg",가평초-강남중-서울고
10,49,정지헌,LG,투수,1/1/2003,"180cm, 85kg",동수원초(수원영통리틀)-매향중-유신고-고려대(얼리 드래프트)
11,101,조건희,LG,투수,3/26/2002,"184cm, 84kg",계상초(노원구리틀)-상명중-서울고
12,48,진우영,LG,투수,2/5/2001,"188cm, 97kg",성동초-글로벌선진학교
13,62,최승민,LG,외야수,7/1/1996,"181cm, 73kg",서울학동초-대치중-신일고-상무-NC
14,112,최용하,LG,투수,11/29/2002,"183cm, 84kg",응암초(서대문구리틀)-동도중-서울디자인고
15,3,최원영,LG,외야수,7/18/2003,"174cm, 76kg",부산수영초-사직중-부산고
16,56,최채흥,LG,투수,1/22/1995,"186cm, 97kg",동천초-포항중-대구상원고-한양대-삼성-상무-삼성
17,63,추세현,LG,투수,4/19/2006,"187cm, 90kg",성신초(중구리틀)-청량중-경기상고
18,46,치리노스,LG,투수,12/26/1993,"188cm, 102kg",베네수엘라 U.E.N heroes nigales(고)
19,119,하영진,LG,투수,2/28/2001,"182cm, 80kg",안산상록초-원주중-원주고
0,11,함덕주,LG,투수,1/13/1995,"181cm, 78kg",일산초-원주중-원주고-두산
1,24,함창건,LG,외야수,8/18/2001,"176cm, 83kg",백운초-충암중-충암고
2,43,허용주,LG,투수,6/5/2003,"194cm, 88kg",사파초-마산동중-용마고
3,58,허준혁,LG,투수,7/2/1999,"178cm, 85kg",가평초(가평군리틀)-영동중-경기고-한일장신대-LG-상무
4,51,홍창기,LG,외야수,11/21/1993,"189cm, 94kg",대일초-매송중-안산공고-건국대-LG-경찰
0,104,강동형,두산,외야수,12/7/1999,"186cm, 86kg",용인초(구리리틀)-마산중-배명고-경성대
1,23,강승호,두산,내야수,2/9/1994,"178cm, 88kg",순천북초-천안북중-북일고-LG-경찰-LG-SK
2,60,강현구,두산,외야수,6/16/2002,"186cm, 98kg",서울도림초(인천남동구리틀)-동산중-인천고
3,47,곽빈,두산,투수,5/28/1999,"187cm, 95kg",서울학동초-자양중-배명고
4,18,권휘,두산,투수,12/7/2000,"181cm, 87kg",대림초-강남중-덕수고
5,45,김기연,두산,포수,9/7/1997,"178cm, 106kg",광주수창초-진흥중-진흥고-LG
6,27,김대한,두산,외야수,12/6/2000,"185cm, 83kg",숭인초(강북구리틀)-덕수중-휘문고
7,66,김도윤,두산,투수,6/28/2002,"181cm, 83kg",신도초(계룡시리틀)-현도중-청주고
8,48,김동준,두산,내야수,9/4/2002,"193cm, 100kg",군산신풍초-군산중-군산상고
9,46,김명신,두산,투수,11/29/1993,"178cm, 90kg",남도초-대구중-경북고-경성대
10,64,김무빈,두산,투수,4/11/2005,"181cm, 85kg",역삼초-대치중-신일고
11,19,김민규,두산,투수,5/7/1999,"183cm, 90kg",장평초(광진구리틀)-잠신중-휘문고-두산-상무
12,2,김민석,두산,외야수,5/9/2004,"185cm, 83kg",신도초-휘문중-휘문고-롯데
13,10,김민혁,두산,내야수,5/3/1996,"188cm, 100kg",광주대성초-광주동성중-광주동성고
14,124,김민호,두산,내야수,2/8/2002,"180cm, 76kg",화곡초-선린중-성남고-한양대
15,116,김성재,두산,포수,5/16/2006,"182cm, 98kg",온곡초(남양주야놀유소년)-청원중-선린인터넷고
16,20,김유성,두산,투수,1/1/2002,"190cm, 98kg",김해삼성초-내동중-김해고-고려대(얼리 드래프트)
17,33,김인태,두산,외야수,7/3/1994,"178cm, 78kg",포항제철서초-천안북중-북일고-두산-경찰
18,32,김재환,두산,외야수,9/22/1988,"183cm, 90kg",영랑초-상인천중-인천고-두산-상무
19,30,김정우,두산,투수,5/15/1999,"183cm, 87kg",소래초-동산중-동산고-SK-상무-SSG
0,125,김준상,두산,내야수,8/2/2004,"184cm, 75kg",상일초(부천원미리틀)-모가중-유신고-동의과학대
1,122,김지윤,두산,투수,1/13/2004,"183cm, 84kg",서흥초-인천신흥중-인천고-여주대
2,112,김태완,두산,투수,3/29/2005,"184cm, 87kg",문창초(금천구리틀)-강남중-선린인터넷고
3,63,김택연,두산,투수,6/3/2005,"181cm, 88kg",동막초-상인천중-인천고
4,121,김한중,두산,투수,11/3/2004,"183cm, 89kg",고명초-덕수중-경기상고-여주대
5,56,김호준,두산,투수,5/17/1998,"180cm, 82kg",원주일산초-성남성일중-안산공고
6,102,남호,두산,투수,7/20/2000,"185cm, 86kg",연천초-수원북중-유신고-LG
7,11,류현준,두산,포수,3/25/2005,"182cm, 92kg",문정초(송파구리틀)-배재중-장충고
8,14,박계범,두산,내야수,1/11/1996,"177cm, 84kg",순천북초-순천이수중-효천고-삼성-상무-삼성
9,123,박민제,두산,투수,10/20/2003,"190cm, 98kg",무거초-원동중-대구상원고-동원과학기술대
10,26,박민준,두산,포수,10/21/2002,"183cm, 95kg",아라초-마산동중-용마고-동강대
11,15,박성재,두산,포수,11/18/2002,"186cm, 98kg",가산초-개성중-부산고-두산-상무
12,49,박신지,두산,투수,7/16/1999,"185cm, 75kg",목암초(의정부리틀)-영동중-경기고-두산-상무
13,120,박연준,두산,투수,7/5/2000,"184cm, 94kg",석교초-세광중-세광고-강릉영동대
14,106,박웅,두산,투수,11/12/1997,"192cm, 103kg",북정초-원동중-경남고-강릉영동대
15,12,박정수,두산,투수,1/29/1996,"178cm, 74kg",서울청구초-서울이수중-야탑고-KIA-경찰-KIA-NC
16,52,박준순,두산,내야수,7/13/2006,"180cm, 80kg",배봉초(동대문구리틀)-청량중-덕수고
17,16,박준영,두산,내야수,8/5/1997,"180cm, 90kg",서울도곡초(남양주리틀)-잠신중-경기고-NC
18,4,박지호,두산,투수,7/2/2003,"181cm, 99kg",부성초(천안유소년리틀)-모가중-장안고-동강대
19,37,박지훈,두산,내야수,9/7/2000,"183cm, 80kg",김해삼성초-경남중-마산고
0,1,박치국,두산,투수,3/10/1998,"177cm, 78kg",인천숭의초-인천신흥중-제물포고
1,110,손율기,두산,외야수,6/11/2005,"180cm, 100kg",양덕초-마산동중-용마고
2,53,양석환,두산,내야수,7/15/1991,"185cm, 90kg",백운초-신일중-신일고-동국대-LG-상무-LG
3,25,양의지,두산,포수,6/5/1987,"180cm, 95kg",송정동초-무등중-진흥고-두산-경찰-두산-NC
4,115,양재훈,두산,투수,5/1/2003,"186cm, 89kg",부산수영초-사직중-개성고-동의과학대
5,100,양현진,두산,외야수,1/3/2002,"191cm, 86kg",길주초(안동시리틀)-포항중-영문고
6,5,여동건,두산,내야수,8/4/2005,"175cm, 75kg",가동초-자양중-서울고
7,118,연서준,두산,투수,4/13/2006,"185cm, 88kg",구리초-구리인창중-비봉고
8,6,오명진,두산,내야수,9/4/2001,"179cm, 79kg",대전신흥초-한밭중-세광고
9,65,윤태호,두산,투수,10/10/2003,"190cm, 88kg",상인천초-동인천중-인천고
10,7,이교훈,두산,투수,5/29/2000,"181cm, 83kg",구리초(남양주리틀)-청원중-서울고
11,107,이민석,두산,내야수,11/1/2001,"182cm, 88kg",강동초(해운대리틀)-센텀중-부산공고
12,29,이병헌,두산,투수,6/4/2003,"183cm, 95kg",역삼초-영동중-서울고
13,24,이선우,두산,내야수,4/4/2006,"182cm, 80kg",일산신일초(일산서구리틀)-충암중-충암고
14,55,이승진,두산,투수,1/7/1995,"186cm, 86kg",수원신곡초-매송중-야탑고-상무-SK
15,50,이영하,두산,투수,11/1/1997,"192cm, 91kg",영일초-강남중-선린인터넷고
16,13,이유찬,두산,내야수,8/5/1998,"175cm, 68kg",동막초-천안북중-북일고-두산-상무
17,43,이주엽,두산,투수,3/26/2001,"188cm, 90kg",서울이수초-성남중-성남고
18,3,임종성,두산,내야수,3/3/2005,"183cm, 90kg",본리초-대구중-경북고
19,44,장규빈,두산,포수,4/21/2001,"186cm, 98kg",갈산초-서울신월중-경기고
0,22,장승현,두산,포수,3/7/1994,"184cm, 86kg",인천서림초-동산중-제물포고-두산-경찰
1,39,잭로그,두산,투수,4/23/1996,"183cm, 84kg",미국 Archbishop Moeller(고)-미국 Kentucky(대)
2,9,전다민,두산,외야수,8/21/2001,"177cm, 75kg",길동초-청원중-강원설악고-강릉영동대
3,31,정수빈,두산,외야수,10/7/1990,"175cm, 70kg",수원신곡초-수원북중-유신고-두산-경찰
4,102,정은재,두산,투수,12/31/1991,"192cm, 92kg",화곡초-덕수중-선린인터넷고
5,101,제환유,두산,투수,9/30/2000,"183cm, 76kg",둔산초-공주중-공주고
6,51,조수행,두산,외야수,8/30/1993,"178cm, 73kg",노암초-경포중-강릉고-건국대-두산-상무
7,38,조제영,두산,투수,2/12/2001,"182cm, 89kg",양덕초-마산중-용마고
8,117,주양준,두산,외야수,4/9/2006,"188cm, 85kg",부산화정초(부산북구리틀)-개성중-경남고
9,103,천현재,두산,포수,7/5/1999,"183cm, 90kg",연제초(부산남구리틀)-신정중-부경고-성균관대
10,68,최민석,두산,투수,7/2/2006,"188cm, 84kg",중대초-양천중-서울고
11,109,최세창,두산,투수,6/1/2001,"187cm, 95kg",예원초-사직중-개성고
12,28,최승용,두산,투수,5/11/2001,"190cm, 87kg",양오초-모가중-소래고
13,108,최우인,두산,투수,8/9/2002,"191cm, 91kg",가동초-대치중-서울고
14,119,최우혁,두산,외야수,12/2/2005,"190cm, 90kg",신곡초-매향중-라온고
15,61,최원준,두산,투수,12/21/1994,"182cm, 91kg",수유초-신일중-신일고-동국대
16,40,최종인,두산,투수,5/1/2001,"185cm, 84kg",해강초-센텀중-부산고
17,41,최준호,두산,투수,6/3/2004,"188cm, 90kg",온양온천초-온양중-북일고
18,42,최지강,두산,투수,7/23/2001,"180cm, 88kg",광주서석초-광주동성중-광주동성고-강릉영동대
19,36,추재현,두산,외야수,2/22/1999,"178cm, 85kg",경수초(성동구리틀)-건대부중-신일고-히어로즈-키움-롯데-상무-롯데
0,8,케이브,두산,외야수,12/4/1992,"183cm, 90kg",미국 Kecoughtan(고)
1,57,콜어빈,두산,투수,1/31/1994,"193cm, 102kg",미국 Servite(고)-미국 Oregon(대)
2,114,한다현,두산,내야수,8/25/2006,"181cm, 85kg",백문초-구리인창중-라온고
3,17,홍건희,두산,투수,9/29/1992,"187cm, 97kg",화순초-화순중-화순고-KIA-상무-KIA
4,67,홍민규,두산,투수,9/11/2006,"183cm, 87kg",논현초(용산구리틀)-대원중-야탑고
5,34,홍성호,두산,외야수,7/15/1997,"187cm, 98kg",인헌초-선린중-선린인터넷고
6,58,황희천,두산,투수,11/6/2006,"190cm, 93kg",부산수영초-개성중-충암고
0,18,고명준,SSG,내야수,7/8/2002,"185cm, 94kg",서원초-세광중-세광고-SK
1,39,김건우,SSG,투수,7/12/2002,"185cm, 88kg",가현초(인천서구리틀)-동산중-제물포고-SK-SSG-상무
2,29,김광현,SSG,투수,7/22/1988,"188cm, 88kg",덕성초(안산리틀)-안산중앙중-안산공고-SK-세인트루이스
3,61,김규민,SSG,포수,8/23/2002,"180cm, 94kg",동수원초(수원영통구리틀)-매향중-공주고-여주대
4,41,김민,SSG,투수,4/14/1999,"185cm, 88kg",인천숭의초-평촌중-유신고-KT-상무-KT
5,24,김민식,SSG,포수,6/28/1989,"180cm, 80kg",양덕초-마산중-마산고-원광대-SK-상무-SK-KIA
6,56,김성민,SSG,내야수,4/30/2001,"184cm, 88kg",서울학동초-자양중-경기고-SK
7,6,김성현,SSG,내야수,3/9/1987,"172cm, 72kg",송정동초-충장중-광주제일고-SK-상무-SK
8,4,김수윤,SSG,내야수,7/16/1998,"180cm, 83kg",김해삼성초-개성중-부산고-NC
9,3,김준영,SSG,투수,11/18/2003,"178cm, 83kg",변동초(대전중구리틀)-충남중-세광고
10,5,김찬형,SSG,내야수,12/29/1997,"182cm, 83kg",양정초-경남중-경남고-NC-SSG-상무
11,64,김창평,SSG,외야수,6/14/2000,"185cm, 85kg",학강초-무등중-광주제일고-SK
12,36,김태윤,SSG,내야수,2/28/2003,"170cm, 65kg",창우초(하남시리틀)-배명중-배명고
13,43,김택형,SSG,투수,10/10/1996,"185cm, 90kg",창영초-재능중-동산고-히어로즈-SK-SSG-상무
14,95,김현재,SSG,투수,7/3/2006,"177cm, 78kg",대전새여울초(대전유성리틀)-한밭중-대전고
15,38,노경은,SSG,투수,3/11/1984,"187cm, 100kg",화곡초-성남중-성남고-두산-롯데
16,2,도재현,SSG,투수,3/8/2001,"193cm, 103kg",오산대원초(오산리틀)-율곡중-율곡고-사이버한국외대
17,45,류효승,SSG,외야수,7/16/1996,"190cm, 100kg",칠성초-경상중-대구상원고-성균관대-SK
18,42,문승원,SSG,투수,11/28/1989,"180cm, 88kg",가동초-배명중-배명고-고려대-SK-상무-SK
19,66,박기호,SSG,투수,7/26/2005,"184cm, 80kg",샛별초(청주시리틀)-현도중-청주고
0,12,박대온,SSG,포수,8/28/1995,"182cm, 85kg",서울도곡초-서울이수중-휘문고-NC
1,0,박성빈,SSG,투수,12/29/2003,"187cm, 92kg",서울도곡초(강남구리틀)-대치중-휘문고-사이버한국외대(얼리 드래프트)
2,2,박성한,SSG,내야수,3/30/1998,"180cm, 77kg",순천북초-여수중-효천고-SK-상무-SK
3,57,박시후,SSG,투수,5/10/2001,"182cm, 88kg",상인천초-상인천중-인천고-SK
4,58,박정빈,SSG,외야수,6/14/2002,"182cm, 80kg",효제초-청량중-경기고
5,50,박종훈,SSG,투수,8/13/1991,"186cm, 90kg",군산중앙초-군산중-군산상고-SK-상무-SK
6,1,박지환,SSG,내야수,7/12/2005,"183cm, 75kg",군산남초-군산중-세광고
7,11,백승건,SSG,투수,10/29/2000,"183cm, 85kg",동막초-상인천중-인천고-SK-상무
8,69,백준서,SSG,외야수,9/26/2005,"181cm, 89kg",불정초(분당구리틀)-대원중-덕수고
9,22,서진용,SSG,투수,10/2/1992,"184cm, 88kg",남부민초-대동중-경남고-상무-SK
10,52,석정우,SSG,내야수,1/20/1999,"180cm, 82kg",동일중앙초-경남중-경남고-연세대
11,28,송영진,SSG,투수,5/28/2004,"185cm, 90kg",대전유천초-한밭중-대전고
12,25,신범수,SSG,포수,1/25/1998,"177cm, 83kg",광주대성초-광주동성중-광주동성고-KIA
13,60,신지환,SSG,투수,4/17/2006,"180cm, 81kg",강남초-성남중-성남고
14,49,신헌민,SSG,투수,7/19/2002,"187cm, 88kg",학강초-광주동성중-광주동성고
15,10,안상현,SSG,내야수,1/27/1997,"178cm, 74kg",사파초-선린중-용마고-SK-상무
16,48,안현서,SSG,투수,10/16/2004,"185cm, 83kg",영일초-서울신월중-경기고
17,33,앤더슨,SSG,투수,3/22/1994,"194cm, 83kg",미국 Galena(고)
18,27,에레디아,SSG,외야수,1/31/1991,"178cm, 88kg",쿠바 Eide Luis Agusto Tursios Lima
19,37,오태곤,SSG,외야수,11/18/1991,"186cm, 88kg",쌍문초-신월중-청원고-롯데-경찰-롯데-KT-SK
0,16,이건욱,SSG,투수,2/13/1995,"182cm, 85kg",신도초-동산중-동산고-SK
1,96,이도우,SSG,투수,5/13/2006,"191cm, 96kg",길동초-배명중-서울컨벤션고
2,92,이로운,SSG,투수,9/11/2004,"185cm, 105kg",본리초-경복중-대구고
3,9,이승민,SSG,외야수,1/6/2005,"187cm, 90kg",서울도곡초-휘문중-휘문고
4,46,이승훈,SSG,투수,8/12/2004,"186cm, 81kg",서울학동초-건대부중-배재고
5,93,이원준,SSG,외야수,3/15/2006,"181cm, 95kg",양정초-부산중-부산고
6,32,이율예,SSG,포수,11/21/2006,"183cm, 90kg",중리초(함안리틀)-원동중-강릉고
7,31,이정범,SSG,외야수,4/10/1998,"178cm, 88kg",인천숭의초-동인천중-인천고
8,59,이지영,SSG,포수,2/27/1986,"177cm, 88kg",서화초-인천신흥중-제물포고-경성대-삼성-상무-삼성-키움
9,68,임근우,SSG,외야수,7/22/1999,"180cm, 88kg",서울도곡초-휘문중-휘문고-홍익대
10,63,임성준,SSG,투수,11/16/2001,"183cm, 93kg",덕현초(양주리틀)-춘천중-강릉고-강릉영동대
11,21,장지훈,SSG,투수,12/6/1998,"177cm, 78kg",김해삼성초-내동중-김해고-동의대-SK-SSG-상무
12,65,전영준,SSG,투수,4/16/2002,"190cm, 100kg",부곡초-휘문중-대구고-SSG-상무
13,51,정동윤,SSG,투수,10/22/1997,"193cm, 103kg",덕성초(안산리틀)-중앙중-야탑고-SK-상무-SK
14,3,정준재,SSG,내야수,1/3/2003,"165cm, 68kg",상인천초-동인천중-강릉고-동국대(얼리 드래프트)
15,47,정현승,SSG,외야수,10/24/2001,"180cm, 80kg",현산초-부천중-덕수고-인하대
16,19,조병현,SSG,투수,5/8/2002,"182cm, 90kg",온양온천초-온양중-세광고-SK-SSG-상무
17,98,조요한,SSG,투수,1/6/2000,"191cm, 102kg",광주화정초-충장중-광주제일고-동강대-SK-SSG-상무
18,20,조형우,SSG,포수,4/4/2002,"187cm, 95kg",송정동초-무등중-광주제일고-SK
19,15,채현우,SSG,외야수,11/21/1995,"182cm, 80kg",칠성초-경복중-대구상원고-송원대-SK
0,90,천범석,SSG,투수,3/6/2006,"183cm, 86kg",과천문원초(안양리틀)-수원북중-강릉고
1,30,최민준,SSG,투수,6/11/1999,"178cm, 83kg",부산수영초-경남중-경남고-SK-상무-SK
2,53,최민창,SSG,외야수,4/16/1996,"179cm, 76kg",강남초-선린중-신일고-LG
3,23,최상민,SSG,외야수,8/20/1999,"178cm, 75kg",석교초-청주중-북일고
4,62,최수호,SSG,투수,7/19/2000,"183cm, 78kg",봉천초-배명중-북일고-SK
5,94,최윤석,SSG,내야수,4/25/2006,"187cm, 93kg",진북초(전주시비전리틀)-전라중-전주고
6,14,최정,SSG,내야수,2/28/1987,"180cm, 90kg",대일초-평촌중-유신고-SK
7,7,최준우,SSG,내야수,3/25/1999,"176cm, 78kg",방배초-대치중-장충고-SK-상무
8,54,최지훈,SSG,외야수,7/23/1997,"178cm, 82kg",광주수창초-무등중-광주제일고-동국대-SK
9,40,최현석,SSG,투수,10/16/2003,"185cm, 90kg",서흥초-동산중-동산고-부산과학기술대
10,13,하재훈,SSG,외야수,10/29/1990,"182cm, 90kg",양덕초-마산동중-용마고-SK
11,34,한두솔,SSG,투수,1/15/1997,"177cm, 86kg",광주수창초-진흥중-광주제일고-일본 오사카 리세이샤 전문대학-KT
12,35,한유섬,SSG,외야수,8/9/1989,"190cm, 105kg",중앙초(해운대리틀)-대천중-경남고-경성대-SK-상무-SK
13,1,한지헌,SSG,투수,8/14/2004,"183cm, 86kg",길동초-건대부중-청원고-경희대(얼리 드래프트)
14,67,허진,SSG,내야수,6/16/2001,"175cm, 78kg",광주수창초-충장중-광주동성고-고려대
15,8,현원회,SSG,내야수,7/8/2001,"180cm, 95kg",가동초-경상중-대구고-SK
16,97,홍대인,SSG,내야수,11/23/2001,"174cm, 76kg",서원초-세광중-세광고-사이버한국외대(얼리 드래프트)
17,55,화이트,SSG,투수,12/28/1994,"190cm, 95kg",미국 Santa Clara(대)
0,99,강건,KT,투수,7/12/2004,"183cm, 85kg",원일초(영통구리틀)-매향중-장안고
1,5,강민성,KT,내야수,12/8/1999,"180cm, 85kg",대구옥산초-경상중-경북고
2,50,강백호,KT,포수,7/29/1999,"184cm, 98kg",부천북초-서울이수중-서울고
3,55,강현우,KT,포수,4/13/2001,"180cm, 90kg",원종초(부천시리틀)-부천중-유신고
4,1,고영표,KT,투수,9/16/1991,"187cm, 88kg",광주대성초-광주동성중-화순고-동국대
5,52,권동진,KT,내야수,9/12/1998,"178cm, 87kg",제주신광초-세광중-세광고-원광대-KT-상무
6,115,권성준,KT,투수,3/9/2003,"185cm, 88kg",대구옥산초-경복중-경북고
7,0,김건형,KT,외야수,7/12/1996,"182cm, 83kg",먼우금초-Lesbois(중)-Timberline(고)-Boise State(대)
8,40,김동현,KT,투수,1/21/2006,"193cm, 97kg",신천초(고양덕양구리틀)-잠신중-서울고
9,97,김민석,KT,포수,7/22/2005,"181cm, 93kg",창영초-동인천중-제물포고
10,26,김민수,KT,투수,7/24/1992,"188cm, 80kg",청원초-청원중-청원고-성균관대-KT-상무
11,53,김민혁,KT,외야수,11/21/1995,"181cm, 71kg",광주서석초-배재중-배재고-KT-상무
12,57,김병준,KT,외야수,7/3/2003,"175cm, 80kg",창촌초(안산리틀)-안산중앙중-유신고
13,7,김상수,KT,내야수,3/23/1990,"175cm, 68kg",대구옥산초-경복중-경북고-삼성
14,43,김재원,KT,투수,8/21/2006,"190cm, 90kg",청구초-홍은중-장충고
15,98,김주완,KT,투수,10/7/1999,"180cm, 77kg",송정동초-무등중-청담고-동강대-두산
16,44,김준태,KT,포수,7/31/1994,"175cm, 91kg",양정초-개성중-경남고-(영남사이버대)-롯데-상무-롯데
17,9,김철호,KT,내야수,2/6/1998,"182cm, 87kg",서화초-재능중-율곡고
18,20,김태오,KT,투수,7/29/1997,"183cm, 84kg",연현초-양천중-서울고-KT-상무
19,3,로하스,KT,외야수,5/24/1990,"189cm, 102kg",미국 Wabash Valley(대)-KT
0,113,문상준,KT,내야수,3/14/2001,"183cm, 80kg",가동초-휘문중-휘문고
1,24,문상철,KT,내야수,4/6/1991,"184cm, 85kg",중대초-잠신중-배명고-고려대-KT-상무
2,18,문용익,KT,투수,2/4/1995,"178cm, 93kg",덕양초-양천중-청원고-세계사이버대-삼성
3,46,박건우,KT,투수,11/28/2006,"182cm, 95kg",행당초(동구유소년야구단)-충암중-충암고
4,104,박민석,KT,외야수,7/27/2006,"178cm, 83kg",남정초-건대부중-덕수고
5,2,박민석,KT,내야수,4/13/2000,"180cm, 77kg",성동초-덕수중-장충고
6,33,박세진,KT,투수,6/27/1997,"178cm, 93kg",본리초-경운중-경북고
7,60,박영현,KT,투수,10/11/2003,"183cm, 91kg",부천북초-부천중-유신고
8,102,박준혁,KT,투수,3/10/2006,"178cm, 84kg",대왕초(강남구리틀)-휘문중-휘문고
9,58,박태완,KT,내야수,9/4/2005,"173cm, 77kg",중동초(부천시리틀)-부천중-유신고
10,27,배정대,KT,외야수,6/12/1995,"185cm, 80kg",도신초-성남중-성남고-(디지털문예대)-LG-KT-경찰
11,15,성재헌,KT,투수,12/22/1997,"175cm, 82kg",도신초-성남중-성남고-연세대-LG
12,30,소형준,KT,투수,9/16/2001,"189cm, 92kg",호암초(의정부리틀)-구리인창중-유신고
13,41,손동현,KT,투수,1/23/2001,"183cm, 88kg",염창초(강서구리틀)-덕수중-성남고-KT-상무
14,28,송민섭,KT,외야수,8/2/1991,"177cm, 80kg",청파초(안산리틀)-선린중-선린인터넷고-단국대-KT-상무
15,62,신범준,KT,외야수,6/1/2002,"189cm, 78kg",원일초(수원영통구리틀)-매향중-장안고
16,68,신호준,KT,외야수,10/21/2004,"186cm, 90kg",백마초-포항중-경주고
17,8,안치영,KT,외야수,5/29/1998,"176cm, 72kg",중동초(원미구리틀)-천안북중-북일고
18,23,안현민,KT,외야수,8/22/2003,"183cm, 90kg",임호초(김해리틀)-개성중-마산고
19,105,오서진,KT,내야수,6/8/2006,"188cm, 80kg",수원신곡초-수원북중-유신고
0,47,오원석,KT,투수,4/23/2001,"182cm, 80kg",수진초-매송중-야탑고-SK-SSG
1,4,오윤석,KT,내야수,2/24/1992,"180cm, 87kg",화중초-자양중-경기고-연세대-롯데-상무-롯데
2,36,오재일,KT,내야수,10/29/1986,"187cm, 95kg",인창초(구리리틀)-구리인창중-야탑고-현대-상무-히어로즈-두산-삼성
3,12,우규민,KT,투수,1/21/1985,"184cm, 75kg",성동초-휘문중-휘문고-LG-경찰-LG-삼성
4,94,우종휘,KT,투수,12/15/2003,"187cm, 90kg",길동초-휘문중-휘문고
5,63,원상현,KT,투수,10/16/2004,"183cm, 83kg",가산초(부산진구리틀)-개성중-부산고
6,67,유준규,KT,외야수,8/16/2002,"176cm, 69kg",군산신풍초-군산중-군산상고
7,101,유호식,KT,투수,5/11/1999,"190cm, 104kg",서울청구초-덕수중-성남고-SK-SSG
8,64,육청명,KT,투수,7/18/2005,"186cm, 90kg",강남초-선린중-강릉고
9,107,윤상인,KT,투수,4/1/2004,"183cm, 80kg",도곡초-언북중-신일고-동원과학기술대
10,35,윤준혁,KT,내야수,7/26/2001,"186cm, 86kg",역촌초(은평구리틀)-충암중-충암고
11,37,이상동,KT,투수,11/24/1995,"181cm, 88kg",대구옥산초-경복중-경북고-영남대
12,48,이상우,KT,투수,10/14/2003,"190cm, 95kg",연현초-수원북중-유신고
13,61,이선우,KT,투수,9/19/2000,"186cm, 90kg",수진초-매송중-유신고
14,90,이승언,KT,투수,3/4/2005,"186cm, 95kg",한일초(장안구리틀)-수일중-장안고
15,109,이승준,KT,내야수,2/1/2006,"170cm, 65kg",진말초(와이번스리틀)-소래중-장안고
16,96,이승현,KT,포수,1/26/2005,"184cm, 90kg",비전초(평택리틀)-개군중-북일고
17,106,이용현,KT,내야수,1/6/2006,"188cm, 85kg",평택부용초(안성시리틀)-청담중-강릉고
18,21,이정현,KT,투수,12/5/1997,"188cm, 93kg",무학초-마산동중-용마고
19,103,이정환,KT,포수,4/12/2006,"182cm, 90kg",수원신곡초-매향중-안산공고
0,66,이종혁,KT,투수,5/29/1997,"190cm, 86kg",대구옥산초-경복중-대구고
1,95,이준명,KT,투수,12/18/2002,"193cm, 100kg",정목초(강서구리틀)-덕수중-성남고-동의대(얼리 드래프트)
2,17,이채호,KT,투수,11/23/1998,"185cm, 85kg",동광초(김해시리틀)-원동중-용마고-SK-SSG
3,45,이태규,KT,투수,2/21/2000,"188cm, 72kg",희망대초-매향중-장안고-KIA
4,49,이현민,KT,투수,10/13/2001,"185cm, 86kg",방화초(김포중앙리틀)-원당중-구리인창고
5,34,이호연,KT,내야수,6/3/1995,"177cm, 87kg",광주수창초-진흥중-광주제일고-성균관대-롯데
6,110,장민호,KT,투수,7/5/2002,"180cm, 85kg",둔촌초-배재중-배재고-동국대
7,22,장성우,KT,포수,1/17/1990,"187cm, 100kg",감천초-경남중-경남고-롯데-경찰-롯데
8,56,장준원,KT,내야수,11/21/1995,"183cm, 77kg",경운초(김해시리틀)-개성중-경남고-LG
9,51,장진혁,KT,외야수,9/30/1993,"184cm, 90kg",광주화정초-충장중-광주제일고-단국대-한화
10,29,전용주,KT,투수,2/12/2000,"188cm, 87kg",양진초(안성시리틀)-성일중-안산공고
11,108,정영웅,KT,외야수,12/25/1999,"171cm, 75kg",광주화정초-무등중-광주제일고-원광대
12,111,정운교,KT,투수,5/27/2002,"181cm, 90kg",강릉중앙초-경포중-설악고-건국대
13,42,조대현,KT,포수,8/6/1999,"183cm, 81kg",길동초-매송중-유신고
14,54,조이현,KT,투수,6/27/1995,"185cm, 95kg",송정동초-배재중-제주고-한화-SK-상무-SK-SSG
15,38,주권,KT,투수,5/31/1995,"181cm, 82kg",청주우암초-청주중-청주고
16,39,지명성,KT,투수,2/15/2002,"173cm, 65kg",의정부청룡초(의정부리틀)-배명중-신일고
17,14,천성호,KT,내야수,10/30/1997,"183cm, 85kg",광주화정초-충장중-진흥고-단국대-KT-상무
18,16,최동환,KT,투수,9/19/1989,"184cm, 83kg",인헌초-선린중-경동고-LG
19,100,최동희,KT,외야수,7/26/2003,"184cm, 80kg",연지초(노원구리틀)-상명중-장충고
0,31,최성민,KT,외야수,7/5/2002,"179cm, 84kg",송정동초-무등중-광주동성고
1,92,최용준,KT,투수,12/19/2001,"192cm, 105kg",양산신양초(양산구리틀)-경남중-부산공고-KIA
2,32,쿠에바스,KT,투수,10/14/1990,"188cm, 98kg",베네수엘라 Carabobo(대)
3,93,한지웅,KT,투수,7/7/2003,"189cm, 82kg",대정초(인천시리틀)-상인천중-인천고
4,59,한차현,KT,투수,11/30/1998,"180cm, 80kg",사능초(남양주리틀)-청원중-포항제철고-성균관대
5,13,허경민,KT,내야수,8/26/1990,"176cm, 69kg",송정동초-충장중-광주제일고-두산-경찰-두산
6,65,헤이수스,KT,투수,12/10/1996,"192cm, 104kg",베네수엘라 Juanita Hernandez(고)-키움
7,10,황재균,KT,내야수,7/28/1987,"183cm, 96kg",사당초-서울이수중-경기고-현대-히어로즈-롯데-샌프란시스코
0,67,강성우,롯데,내야수,4/12/2005,"182cm, 77kg",대전유천초-한밭중-청주고
1,39,강승구,롯데,포수,10/19/2003,"180cm, 83kg",동막초-상인천중-제물포고-강릉영동대
2,2,고승민,롯데,내야수,8/11/2000,"189cm, 92kg",군산신풍초-배명중-북일고
3,22,구승민,롯데,투수,6/12/1990,"182cm, 86kg",동일초(도봉구리틀)-청원중-청원고-홍익대-롯데-상무
4,19,김강현,롯데,투수,2/27/1995,"177cm, 84kg",고명초-청원중-청원고
5,100,김대현,롯데,외야수,11/15/2003,"176cm, 84kg",광주서림초-광주충장BC-광주제일고-부산과학기술대
6,124,김도규,롯데,투수,7/11/1998,"192cm, 118kg",고봉초-충암중-안산공고
7,121,김동규,롯데,내야수,4/8/1999,"185cm, 85kg",안일초(안양시리틀)-현도중-포항제철고
8,50,김동혁,롯데,외야수,9/15/2000,"177cm, 77kg",서화초-상인천중-제물포고-강릉영동대
9,102,김동현,롯데,외야수,12/30/2004,"185cm, 100kg",인천병방초(인천서구리틀)-재능중-제물포고-부산과학기술대
10,16,김민성,롯데,내야수,12/17/1988,"181cm, 94kg",고명초-잠신중-덕수정보고-(영남사이버대)-롯데-히어로즈-키움-LG
11,24,김상수,롯데,투수,1/2/1988,"180cm, 88kg",신자초(자이언츠리틀)-자양중-신일고-(방송통신대)-삼성-상무-키움-SK-SSG
12,34,김원중,롯데,투수,6/14/1993,"192cm, 96kg",학강초-광주동성중-광주동성고
13,15,김진욱,롯데,투수,7/5/2002,"185cm, 90kg",수원신곡초-춘천중-강릉고
14,107,김태균,롯데,투수,7/31/2006,"191cm, 97kg",(동래구리틀)-부산대신중-경남고
15,66,김태현,롯데,투수,11/16/2005,"185cm, 87kg",광주서림초-광주진흥중-광주제일고
16,101,김현우,롯데,투수,3/18/2006,"183cm, 90kg",수지초(분당로열스리틀)-여강중-야탑고
17,43,나균안,롯데,투수,3/16/1998,"186cm, 109kg",무학초-창원신월중-용마고
18,51,나승엽,롯데,내야수,2/15/2002,"190cm, 82kg",남정초-선린중-덕수고-롯데-상무
19,52,노진혁,롯데,내야수,7/15/1989,"184cm, 80kg",광주대성초-광주동성중-광주동성고-성균관대-NC-상무-NC
0,36,데이비슨,롯데,투수,3/25/1996,"188cm, 97kg",미국 Midland(대)
1,29,레이예스,롯데,외야수,10/5/1994,"196cm, 87kg",베네수엘라 Dr Felipe Guevara(고)
2,109,박건우,롯데,포수,2/1/2003,"183cm, 92kg",서울성동초-건대부중-장충고-고려대
3,117,박로건,롯데,투수,8/27/2001,"186cm, 88kg",군산중앙초-청원중-전주고
4,21,박세웅,롯데,투수,11/30/1995,"182cm, 85kg",대구경운초-경운중-경북고-KT
5,68,박세현,롯데,투수,1/21/2006,"183cm, 88kg",중화초(중랑구리틀)-상명중-배명고
6,53,박승욱,롯데,내야수,12/4/1992,"184cm, 83kg",칠성초-경복중-대구상원고-SK-KT
7,25,박시영,롯데,투수,3/10/1989,"181cm, 92kg",축현초-인천신흥중-제물포고-(영남사이버대)-롯데-KT
8,120,박영완,롯데,투수,7/22/2000,"183cm, 85kg",양덕초-마산동중-대구고
9,63,박재엽,롯데,포수,1/23/2006,"184cm, 92kg",부산대연초-개성중-부산고
10,58,박준우,롯데,투수,5/27/2005,"190cm, 94kg",상동초(부천시리틀)-부천중-유신고
11,108,박지훈,롯데,내야수,5/14/2002,"176cm, 75kg",서흥초-동산중-동산고-송원대
12,44,박진,롯데,투수,4/2/1999,"182cm, 106kg",부산대연초-부산중-부산고
13,40,박진형,롯데,투수,6/10/1994,"181cm, 77kg",영랑초-경포중-강릉고
14,28,반즈,롯데,투수,10/1/1995,"189cm, 91kg",미국 Clemson(대)
15,122,배세종,롯데,투수,12/1/2001,"190cm, 108kg",부림초(안양시리틀)-충암중-충암고-동아대
16,62,백두산,롯데,포수,5/20/2001,"180cm, 95kg",부산수영초-대천중-개성고-동의대
17,35,서동욱,롯데,포수,3/24/2000,"175cm, 88kg",순천남산초-순천이수중-순천효천고BC-홍익대
18,6,손성빈,롯데,포수,1/14/2002,"186cm, 92kg",희망대초-경기신흥중-장안고-롯데-상무
19,33,손호영,롯데,내야수,8/23/1994,"182cm, 88kg",의왕부곡초-평촌중-충훈고-LG
0,59,송재영,롯데,투수,6/20/2002,"181cm, 84kg",수원잠원초(수원영통구리틀)-매향중-라온고-롯데-상무
1,12,신병률,롯데,투수,1/30/1996,"175cm, 82kg",둔촌초-잠신중-휘문고-단국대-KT
2,3,신윤후,롯데,내야수,1/5/1996,"177cm, 77kg",무학초-마산중-마산고-동의대
3,23,심재민,롯데,투수,2/18/1994,"182cm, 92kg",장유초(김해엔젤스리틀)-개성중-개성고-(전남과학대)-KT
4,123,엄장윤,롯데,포수,10/7/2003,"179cm, 78kg",사직초(부산동래구리틀)-사직중-부경고
5,114,오창현,롯데,외야수,5/21/2002,"165cm, 65kg",자운초(노원구리틀)-자양중-신일고-중앙대
6,27,유강남,롯데,포수,7/15/1992,"182cm, 88kg",청원초-휘문중-서울고-LG-상무-LG
7,112,유태웅,롯데,내야수,3/13/2002,"175cm, 77kg",서울효제초-서울홍은중-성남고-동의대
8,91,윤동희,롯데,외야수,9/18/2003,"187cm, 85kg",현산초-대원중-야탑고
9,55,윤성빈,롯데,투수,2/26/1999,"197cm, 90kg",동일중앙초-경남중-부산고
10,37,이민석,롯데,투수,12/10/2003,"189cm, 95kg",부산수영초-대천중-개성고
11,45,이병준,롯데,투수,5/28/2002,"185cm, 95kg",부산청동초(영도구리틀)-경남중-개성고
12,113,이상화,롯데,외야수,3/25/2002,"181cm, 87kg",포항대해초-포항제철중-포항제철고-강릉영동대
13,47,이승헌,롯데,투수,12/19/1998,"196cm, 97kg",무학초-마산동중-용마고
14,103,이영재,롯데,투수,10/20/2006,"180cm, 71kg",(의정부유소년야구단)-신흥중-신흥고
15,54,이인한,롯데,외야수,12/24/1998,"183cm, 95kg",광주대성초-심석중-강릉고-강릉영동대
16,48,이정훈,롯데,외야수,12/7/1994,"185cm, 90kg",교문초-배재중-휘문고-경희대-KIA-상무-KIA
17,116,이주찬,롯데,내야수,9/21/1998,"181cm, 86kg",송수초(해운대리틀)-센텀중-경남고-동의대
18,111,이태경,롯데,내야수,11/24/2002,"176cm, 77kg",광주송정초-무등중-광주제일고-한일장신대
19,30,이호준,롯데,내야수,3/20/2004,"172cm, 72kg",대구옥산초-대구경운중-대구상원고
0,7,장두성,롯데,외야수,9/16/1999,"176cm, 75kg",축현초-재능중-동산고
1,61,전미르,롯데,투수,8/15/2005,"187cm, 100kg",본리초-협성경복중-경북고
2,13,전민재,롯데,내야수,6/30/1999,"181cm, 73kg",천안남산초-천안북중-대전고-두산
3,8,전준우,롯데,외야수,2/25/1986,"184cm, 98kg",흥무초-경주중-경주고-건국대-롯데-경찰
4,42,정보근,롯데,포수,8/31/1999,"175cm, 94kg",부산수영초-경남중-경남고
5,115,정선우,롯데,투수,6/12/2002,"173cm, 80kg",관동초(김해시리틀)-개성중-마산고-동아대
6,18,정성종,롯데,투수,11/16/1995,"181cm, 93kg",광주서석초-무등중-광주제일고-인하대-롯데-상무
7,46,정우준,롯데,투수,3/17/2000,"180cm, 82kg",태랑초(남양주리틀)-청원중-서울고-강릉영동대-롯데-상무
8,65,정철원,롯데,투수,3/27/1999,"192cm, 95kg",역북초-송전중-안산공고-두산
9,57,정현수,롯데,투수,5/10/2001,"180cm, 84kg",부산대연초-부산중-부산고-송원대
10,9,정훈,롯데,내야수,7/18/1987,"180cm, 85kg",양덕초-마산동중-용마고
11,5,조세진,롯데,외야수,11/21/2003,"181cm, 86kg",장안초(성남중원구리틀)-선린중-서울고-롯데-상무
12,104,조영우,롯데,투수,5/15/2006,"182cm, 82kg",인천서림초-인천동산중-인천고
13,26,진승현,롯데,투수,9/5/2003,"184cm, 108kg",본리초-대구협성경복중-경북고
14,31,진해수,롯데,투수,6/26/1986,"187cm, 85kg",동삼초-경남중-부경고-KIA-상무-KIA-SK-LG
15,105,최민규,롯데,내야수,2/23/2004,"173cm, 74kg",광주수창초-광주충장중-광주제일고-부산과학기술대
16,49,최이준,롯데,투수,4/10/1999,"182cm, 90kg",서울이수초-대치중-장충고-KT
17,56,최준용,롯데,투수,10/10/2001,"185cm, 85kg",부산수영초-대천중-경남고
18,14,최항,롯데,내야수,1/3/1994,"183cm, 88kg",대일초-매송중-유신고-SK-SSG
19,118,하혜성,롯데,투수,6/9/2003,"191cm, 85kg",서울도곡초-언북중-덕수고
0,106,한승현,롯데,외야수,10/29/2006,"183cm, 80kg",신양초(서울강동구리틀)-건대부중-장충고
1,60,한태양,롯데,내야수,9/15/2003,"181cm, 76kg",역삼초-언북중-덕수고-롯데-상무
2,1,한현희,롯데,투수,6/25/1993,"182cm, 98kg",동삼초-경남중-경남고-히어로즈-키움
3,17,현도훈,롯데,투수,1/13/1993,"188cm, 95kg",풍양초(남양주리틀)-경기신일중-일본 교토고쿠사이고-일본 큐슈교리츠대-두
4,38,홍민기,롯데,투수,7/20/2001,"185cm, 85kg",법동초-한밭중-대전고
5,0,황성빈,롯데,외야수,12/19/1997,"172cm, 76kg",관산초-안산중앙중-소래고-경남대
0,17,권광민,한화,내야수,12/12/1997,"189cm, 102kg",서울청구초-홍은중-장충고
1,64,권민규,한화,투수,5/13/2006,"188cm, 90kg",석교초-세광중-세광고
2,56,김건,한화,내야수,2/23/2000,"183cm, 79kg",양정초-개성중-경남고
3,60,김규연,한화,투수,8/23/2002,"183cm, 91kg",동수원초(수원영통구리틀)-매향중-공주고
4,15,김기중,한화,투수,11/16/2002,"186cm, 96kg",의왕부곡초-매송중-유신고
5,62,김도빈,한화,투수,1/5/2001,"190cm, 95kg",서화초-경기신흥중-성지고-강릉영동대
6,53,김민우,한화,투수,7/25/1995,"186cm, 123kg",사파초-마산중-용마고
7,47,김범수,한화,투수,10/3/1995,"181cm, 92kg",온양온천초-온양중-북일고
8,49,김범준,한화,투수,9/30/2000,"175cm, 79kg",서울도곡초-글로벌선진중-충암고
9,44,김서현,한화,투수,5/31/2004,"188cm, 86kg",효제초-자양중-서울고
10,14,김승일,한화,투수,7/7/2001,"183cm, 85kg",해강초(해운대리틀)-센텀중-경남고
11,37,김인환,한화,내야수,1/28/1994,"186cm, 100kg",화순초-화순중-화순고-성균관대
12,38,김종수,한화,투수,6/3/1994,"180cm, 88kg",성동초-덕수중-울산공고
13,25,김태연,한화,외야수,6/10/1997,"178cm, 96kg",서울청구초-덕수중-야탑고
14,8,노시환,한화,내야수,12/3/2000,"185cm, 105kg",부산수영초-경남중-경남고
15,99,류현진,한화,투수,3/25/1987,"190cm, 113kg",창영초-동산중-동산고-(대전대)-한화-LA다저스-토론토
16,1,문동주,한화,투수,12/23/2003,"188cm, 97kg",광주화정초-무등중-진흥고
17,96,문승진,한화,투수,4/2/2002,"185cm, 91kg",서울청구초-홍은중-서울고
18,51,문현빈,한화,내야수,4/20/2004,"174cm, 82kg",대전유천초-온양중-북일고
19,111,박부성,한화,투수,1/17/2000,"185cm, 85kg",마포초(용산구리틀)-선린중-배명고-동의대
0,42,박상언,한화,포수,3/3/1997,"185cm, 90kg",무원초-영남중-유신고-한화-상무
1,58,박상원,한화,투수,9/9/1994,"187cm, 98kg",백운초-서울이수중-휘문고-연세대
2,105,박상현,한화,투수,1/6/2005,"184cm, 83kg",슬기초(안산리틀)-안산중-안산공고
3,63,박성웅,한화,투수,8/20/1999,"178cm, 109kg",광주서석초-충장중-광주제일고
4,61,배동현,한화,투수,3/16/1998,"183cm, 83kg",판곡초(양평리틀)-언북중-경기고-한일장신대-한화-상무
5,45,배민서,한화,투수,11/18/1999,"184cm, 90kg",대구수창초-경운중-대구상원고-NC-상무-NC
6,98,배승수,한화,내야수,5/15/2006,"184cm, 73kg",가동초-자양중-덕수고
7,57,성지훈,한화,투수,1/29/2000,"181cm, 68kg",송정동초-무등중-광주제일고-동아대
8,54,송호정,한화,내야수,3/10/2002,"185cm, 78kg",수유초-자양중-서울고
9,69,신우재,한화,내야수,11/16/1997,"183cm, 97kg",인천숭의초-자양중-세광고-인천재능대
10,2,심우준,한화,내야수,4/28/1995,"183cm, 75kg",송정동초-언북중-경기고-(영남사이버대)-KT-상무-KT
11,39,안진,한화,포수,11/26/2002,"183cm, 90kg",인헌초-영남중-경기상고
12,3,안치홍,한화,내야수,7/2/1990,"178cm, 97kg",구지초(구리리틀)-대치중-서울고-KIA-경찰-KIA-롯데
13,11,엄상백,한화,투수,10/4/1996,"187cm, 72kg",역삼초-언북중-덕수고-KT-상무-KT
14,107,엄상현,한화,투수,7/6/2004,"175cm, 80kg",중대초(의정부리틀)-건대부중-장충고-홍익대(얼리 드래프트)
15,108,엄요셉,한화,투수,5/29/2006,"190cm, 94kg",오산광성초(오산시리틀)-성일중-구리인창고
16,55,와이스,한화,투수,12/10/1996,"193cm, 100kg",미국 Wright State(대)
17,48,원종혁,한화,투수,8/27/2005,"184cm, 92kg",서울도곡초-휘문중-구리인창고
18,33,유로결,한화,외야수,5/30/2000,"186cm, 83kg",광주서림초-광주동성중-광주제일고
19,97,유민,한화,외야수,1/20/2003,"187cm, 92kg",역삼초-대치중-배명고
0,5,윤대경,한화,투수,4/9/1994,"179cm, 81kg",인천서림초-동인천중-인천고-삼성
1,100,이기창,한화,투수,4/21/2005,"184cm, 88kg",새빛초(수원영통구리틀)-매향중-유신고
2,7,이도윤,한화,내야수,10/7/1996,"175cm, 79kg",고명초-배재중-북일고
3,104,이동영,한화,투수,4/9/2006,"185cm, 85kg",남도초-경상중-대구상원고
4,27,이민우,한화,투수,2/9/1993,"185cm, 104kg",순천북초-순천이수중-효천고-경성대-KIA
5,110,이민재,한화,외야수,3/7/2004,"184cm, 80kg",호동초(안산리틀)-안산중-비봉고-동원과학기술대
6,18,이상규,한화,투수,10/20/1996,"185cm, 77kg",흥인초-청원중-청원고-LG
7,9,이상혁,한화,외야수,9/14/2001,"174cm, 65kg",수원영화초(군포시리틀)-수원북중-장안고-강릉영동대
8,93,이성민,한화,투수,9/28/2002,"191cm, 92kg",남부민초-부산중-부경고
9,112,이승현,한화,내야수,7/23/2002,"172cm, 77kg",상인초(원미구리틀)-부천중-포항제철고-성균관대
10,50,이원석,한화,외야수,3/31/1999,"177cm, 69kg",화곡초-충암중-충암고
11,20,이재원,한화,포수,2/24/1988,"185cm, 98kg",인천숭의초-상인천중-인천고-SK-상무-SK-SSG
12,106,이지성,한화,내야수,11/29/2005,"180cm, 78kg",세류초(장안구리틀)-개군중-라온고
13,10,이진영,한화,외야수,7/21/1997,"183cm, 89kg",둔촌초-선린중-선린인터넷고-KIA-경찰-KIA
14,19,이충호,한화,투수,9/20/1994,"182cm, 82kg",인헌초-선린중-충암고
15,46,이태양,한화,투수,7/3/1990,"192cm, 97kg",여수서초-여수중-효천고-한화-SK-SSG
16,24,임종찬,한화,외야수,9/28/2001,"184cm, 85kg",청주우암초-청주중-북일고
17,32,장규현,한화,포수,6/28/2002,"183cm, 96kg",인성초(미추홀구리틀)-동인천중-인천고-한화-상무
18,36,장민재,한화,투수,3/19/1990,"184cm, 106kg",광주화정초-무등중-광주제일고
19,28,장시환,한화,투수,11/1/1987,"184cm, 97kg",태안초-태안중-북일고-현대-히어로즈-상무-히어로즈-KT-롯데
0,40,장지수,한화,투수,5/25/2000,"179cm, 80kg",사당초-강남중-성남고-KIA-상무-KIA
1,65,정민규,한화,내야수,1/10/2003,"183cm, 93kg",광일초(부산서구리틀)-경남중-부산고-한화-상무
2,103,정안석,한화,외야수,1/26/2005,"183cm, 78kg",염동초(강서구리틀)-서울신월중-휘문고
3,43,정우주,한화,투수,11/7/2006,"184cm, 88kg",서울구남초(남양주리틀)-건대부중-전주고
4,31,정이황,한화,투수,3/7/2000,"190cm, 89kg",부산수영초-경남중-부산고
5,68,조동욱,한화,투수,11/2/2004,"190cm, 82kg",소래초-영남중-장충고
6,4,조한민,한화,내야수,10/20/2000,"182cm, 77kg",군산중앙초-군산중-대전고-한화-상무
7,66,주현상,한화,투수,8/10/1992,"177cm, 92kg",청주우암초-청주중-청주고-동아대
8,22,채은성,한화,내야수,2/6/1990,"186cm, 92kg",순천북초-순천이수중-효천고-LG
9,41,최인호,한화,외야수,1/30/2000,"178cm, 82kg",송정동초-광주동성중-포항제철고-한화-상무
10,13,최재훈,한화,포수,8/27/1989,"178cm, 94kg",화곡초-덕수중-덕수고-(방송통신대)-두산-경찰-두산
11,109,최주원,한화,투수,1/11/2006,"185cm, 85kg",경기안성초(안성시리틀)-평택청담중-북일고
12,94,최준서,한화,외야수,6/29/2000,"182cm, 77kg",인천숭의초-율곡중-율곡고-동국대
13,30,폰세,한화,투수,4/25/1994,"198cm, 115kg",미국 California State(대)
14,34,플로리얼,한화,외야수,11/25/1997,"185cm, 88kg",도미니카
15,16,하주석,한화,내야수,2/25/1994,"185cm, 92kg",강남초-덕수중-신일고-한화-상무
16,6,한경빈,한화,내야수,12/11/1998,"178cm, 69kg",인천서림초-상인천중-동산고-인천재능대
17,102,한서구,한화,투수,12/4/2003,"191cm, 98kg",석교초-세광중-대전고
18,26,한승혁,한화,투수,1/3/1993,"185cm, 100kg",도신초-강남중-덕수고-(남부대)-KIA
19,67,한지윤,한화,포수,4/10/2006,"188cm, 98kg",가동초-휘문중-경기상고
0,12,허관회,한화,포수,2/12/1999,"176cm, 93kg",경동초(의정부리틀)-건대부중-경기고
1,59,허인서,한화,포수,7/11/2003,"182cm, 93kg",순천북초-여수중-효천고-한화-상무
2,95,황영묵,한화,내야수,10/16/1999,"177cm, 80kg",수진초-성일중-충훈고
3,29,황준서,한화,투수,8/22/2005,"185cm, 78kg",면일초(중랑구리틀)-상명중-장충고
0,100,강태경,NC,투수,7/26/2001,"188cm, 95kg",양덕초-잠실중-배명고
1,101,고승완,NC,외야수,3/15/2001,"178cm, 81kg",광주대성초-무등중-광주동성고-연세대
2,36,권희동,NC,외야수,12/30/1990,"177cm, 85kg",동천초-경주중-경주고-경남대-NC-상무
3,102,김녹원,NC,투수,5/17/2003,"182cm, 88kg",학강초-무등중-광주제일고
4,103,김동현,NC,포수,8/30/2002,"180cm, 88kg",부산대연초-사직중-부산공고-성균관대
5,63,김민규,NC,투수,9/7/2001,"183cm, 84kg",광주서석초-진흥중-광주동성고-경성대
6,104,김민균,NC,투수,1/18/2005,"188cm, 88kg",가동초-자양중-경기고
7,66,김범준,NC,외야수,4/20/2000,"183cm, 90kg",울산대현초-제일중-대구고
8,38,김성욱,NC,외야수,5/1/1993,"181cm, 83kg",광주서림초-충장중-진흥고-NC-상무
9,9,김세훈,NC,내야수,4/4/2005,"174cm, 77kg",매호초(경산시리틀)-경운중-경북고
10,21,김시훈,NC,투수,2/24/1999,"188cm, 95kg",양덕초-마산동중-마산고
11,17,김영규,NC,투수,2/10/2000,"188cm, 86kg",광주서석초-무등중-광주제일고
12,32,김재열,NC,투수,1/2/1996,"183cm, 97kg",양정초-개성중-부산고-KIA
13,105,김정호,NC,포수,7/13/1998,"172cm, 84kg",대구옥산초-경복중-포항제철고-성균관대
14,7,김주원,NC,내야수,7/30/2002,"185cm, 83kg",삼일초(군포시리틀)-안산중앙중-유신고
15,106,김준원,NC,투수,5/31/2005,"190cm, 82kg",칠성초-대구중-경북고
16,107,김진우,NC,투수,10/28/2002,"176cm, 77kg",진북초-전라중-군산상고-NC
17,54,김진호,NC,투수,6/7/1998,"183cm, 90kg",의왕부곡초-성일중-광주동성고-NC-경찰
18,11,김태경,NC,투수,4/7/2001,"188cm, 98kg",김해삼성초-내동중-용마고-NC-상무
19,15,김태현,NC,투수,3/21/1998,"188cm, 95kg",김해삼성초-내동중-김해고-NC-경찰
0,109,김태호,NC,포수,2/15/2001,"178cm, 93kg",신도초(해운대리틀)-센텀중-부산정보고-동아대
1,95,김태훈,NC,투수,10/26/2006,"188cm, 88kg",(부평구리틀)-동인천중-소래고
2,68,김한별,NC,내야수,1/18/2001,"177cm, 85kg",효제초-선린중-배재고
3,25,김형준,NC,포수,11/2/1999,"187cm, 98kg",가동초-세광중-세광고-NC-상무
4,19,김휘건,NC,투수,8/27/2005,"191cm, 105kg",소양초-춘천중-휘문고
5,44,김휘집,NC,내야수,1/1/2002,"180cm, 92kg",양목초(히어로즈리틀)-대치중-신일고-키움
6,110,노재원,NC,투수,7/26/2001,"179cm, 93kg",중대초-배명중-배명고
7,24,데이비슨,NC,내야수,3/26/1991,"190cm, 104kg",미국 Yucaipa(고)
8,16,도태훈,NC,내야수,3/18/1993,"184cm, 85kg",양정초-개성중-부산고-동의대-NC-상무
9,3,라일리,NC,투수,7/9/1996,"190cm, 100kg",미국 Louisville(대)
10,12,로건,NC,투수,5/23/1997,"186cm, 105kg",미국
11,41,류진욱,NC,투수,10/10/1996,"189cm, 88kg",양정초-개성중-부산고
12,20,목지훈,NC,투수,5/11/2004,"181cm, 83kg",효제초-청량중-신일고
13,37,박건우,NC,외야수,9/8/1990,"184cm, 80kg",역삼초-서울이수중-서울고-두산-경찰-두산
14,111,박동수,NC,투수,5/24/1999,"178cm, 86kg",서울학동초-서울경원중-덕수고-고려대-NC-상무
15,2,박민우,NC,내야수,2/6/1993,"185cm, 80kg",마포초(용산구리틀)-선린중-휘문고
16,10,박세혁,NC,포수,1/9/1990,"181cm, 86kg",수유초-신일중-신일고-고려대-두산-상무-두산
17,53,박시원,NC,외야수,5/30/2001,"185cm, 85kg",광주서림초-광주동성중-광주제일고
18,39,박영빈,NC,외야수,7/16/1997,"182cm, 88kg",호원초(의정부리틀)-청량중-충암고-경희대
19,112,박인우,NC,내야수,12/14/2001,"177cm, 80kg",배봉초(군포시리틀)-청량중-배명고-용인예술과학대
0,113,박주찬,NC,내야수,1/11/1996,"178cm, 84kg",동막초-경포중-강릉고-동아대
1,67,박주현,NC,투수,8/3/1999,"184cm, 85kg",철산초(광명리틀)-영동중-충암고-KT
2,114,박지한,NC,투수,10/21/2000,"185cm, 90kg",동일중앙초-부산중-개성고
3,60,박한결,NC,외야수,4/26/2004,"181cm, 90kg",본리초-경복중-경북고
4,61,배재환,NC,투수,2/24/1995,"186cm, 95kg",가동초-잠신중-서울고-NC-상무
5,115,서동욱,NC,투수,2/26/2004,"177cm, 80kg",신천초(송파구리틀)-대치중-신일고
6,58,서의태,NC,투수,9/5/1997,"194cm, 115kg",묵동초(남양주리틀)-청량중-경기고-KT-히어로즈-키움
7,116,서준교,NC,내야수,5/23/2003,"181cm, 83kg",거제제산초(거제리틀)-외포중-김해고
8,5,서호철,NC,내야수,10/16/1996,"179cm, 85kg",순천남산초-순천이수중-효천고-동의대-NC-상무
9,50,소이현,NC,투수,2/9/1999,"185cm, 93kg",서울이수초-서울이수중-서울디자인고
10,31,손아섭,NC,외야수,3/18/1988,"174cm, 84kg",양정초-개성중-부산고-롯데
11,46,손주환,NC,투수,1/5/2002,"177cm, 85kg",영천초-신정중-물금고-동아대
12,8,송승환,NC,외야수,10/28/2000,"183cm, 93kg",신기초(금천구리틀)-양천중-서울고-두산
13,117,신민우,NC,포수,8/13/2006,"181cm, 88kg",김해우암초(김해시리틀)-경남내동중-마산고
14,18,신민혁,NC,투수,2/4/1999,"184cm, 95kg",염강초(강서구리틀)-매향중-야탑고
15,118,신성호,NC,내야수,9/28/2003,"178cm, 76kg",김해삼성초-내동중-마산고
16,43,신영우,NC,투수,4/21/2004,"182cm, 84kg",센텀초-센텀중-경남고
17,42,신용석,NC,포수,10/11/2003,"181cm, 91kg",양덕초-마산동중-마산고
18,119,안인산,NC,내야수,2/27/2001,"181cm, 95kg",군포오금초(안양시리틀)-평촌중-야탑고
19,1,안중열,NC,포수,9/1/1995,"176cm, 87kg",가야초-개성중-부산고-(영남사이버대)-KT-롯데-상무-롯데
0,120,양가온솔,NC,외야수,2/24/2006,"182cm, 79kg",진북초-전라중-인상고
1,34,오영수,NC,내야수,1/30/2000,"178cm, 93kg",사파초-창원신월중-용마고-NC-상무
2,56,원종해,NC,투수,4/9/2005,"183cm, 83kg",길동초-건대부중-장충고
3,125,유재현,NC,내야수,10/17/2005,"182cm, 76kg",길동초-홍은중-경기상고
4,97,이세민,NC,투수,8/8/2005,"187cm, 100kg",칠성초-경복중-상원고
5,45,이용찬,NC,투수,1/2/1989,"185cm, 85kg",신원초-양천중-장충고-두산-상무-두산
6,51,이재학,NC,투수,10/4/1990,"181cm, 84kg",대구옥산초-경복중-대구고-두산
7,121,이준혁,NC,투수,6/30/2003,"184cm, 87kg",용인포곡초(처인구리틀)-성일중-율곡고-NC
8,122,이한,NC,내야수,8/25/2003,"181cm, 83kg",안산해양초(안산리틀)-수원북중-유신고-NC
9,28,임상현,NC,투수,7/16/2005,"184cm, 89kg",김천신일초(김천시리틀)-상원중-대구상원고
10,13,임정호,NC,투수,4/16/1990,"188cm, 90kg",성동초-잠신중-신일고-성균관대-NC-상무
11,123,임지민,NC,투수,10/11/2003,"185cm, 82kg",가평목동초(가평리틀)-춘천중-강원고
12,124,임형원,NC,투수,9/15/2001,"183cm, 73kg",시흥계수초(소사리틀)-동산중-인천고
13,93,장창훈,NC,내야수,5/22/2000,"176cm, 70kg",강남초-개군중-설악고-강릉영동대
14,47,전루건,NC,투수,6/9/2000,"185cm, 80kg",도신초-충암중-부천고-두산
15,57,전사민,NC,투수,7/6/1999,"194cm, 85kg",연서초(부산동래구리틀)-대신중-부산정보고-NC-상무
16,126,정현창,NC,내야수,7/14/2006,"177cm, 70kg",김해부곡초-부산토현중-부산공고
17,127,조창연,NC,외야수,4/7/2006,"185cm, 90kg",천안남산초-장충중-장충고
18,128,조현민,NC,내야수,3/23/2005,"181cm, 83kg",정수초(성북구리틀)-서울이수중-충암고
19,129,조효원,NC,내야수,3/10/1999,"180cm, 87kg",공주중동초-온양중-공주고-원광대
0,23,천재환,NC,외야수,4/1/1994,"181cm, 83kg",대전신흥초-공주중-화순고-고려대
1,130,최보성,NC,내야수,10/16/1998,"181cm, 88kg",진해장복초(진해리틀)-외포중-개성고
2,26,최성영,NC,투수,4/28/1997,"180cm, 85kg",영랑초-설악중-설악고-NC-상무
3,48,최우석,NC,투수,3/31/2005,"190cm, 90kg",서흥초-동인천중-비봉고
4,131,최윤혁,NC,투수,1/7/2004,"185cm, 93kg",강릉율곡초-경포중-강릉고-강릉영동대
5,14,최정원,NC,내야수,6/24/2000,"176cm, 70kg",서원초-청주중-청주고-NC-상무
6,33,한석현,NC,외야수,5/17/1994,"181cm, 73kg",후암초-대천중-경남고-LG
7,55,한재승,NC,투수,11/21/2001,"180cm, 90kg",동막초-상인천중-인천고
8,35,한재환,NC,내야수,10/19/2001,"177cm, 89kg",기장대청초(기장리틀)-대신중-개성고
9,132,홍유원,NC,투수,5/17/2005,"188cm, 96kg",울산대현초-포항중-대구고
10,96,홍재문,NC,투수,7/9/2004,"183cm, 95kg",충북우암초-청주중-청주고-동의과학대
0,27,강진성,키움,내야수,10/19/1993,"176cm, 89kg",가동초-잠신중-경기고-NC-경찰-NC-두산-SSG
1,44,고영우,키움,내야수,6/21/2001,"173cm, 80kg",부산대연초(사상구리틀)-대동중-경남고-성균관대
2,71,권혁빈,키움,내야수,11/4/2005,"185cm, 75kg",칠성초-경상중-대구고
3,12,김건희,키움,포수,11/7/2004,"186cm, 96kg",대전신흥초-온양중-원주고
4,99,김동규,키움,투수,7/9/2004,"194cm, 100kg",서울청구초-영남중-성남고-LG
5,38,김동엽,키움,외야수,7/24/1990,"186cm, 101kg",천안남산초-천안북중-북일고-SK-삼성
6,47,김동헌,키움,포수,7/15/2004,"182cm, 91kg",영문초(영등포구리틀)-충암중-충암고
7,23,김병휘,키움,내야수,2/16/2001,"177cm, 79kg",효제초-홍은중-장충고
8,59,김서준,키움,투수,12/22/2006,"187cm, 83kg",(일산서구리틀)-원당중-충훈고
9,49,김선기,키움,투수,9/1/1991,"187cm, 98kg",석교초-세광중-세광고-상무-히어로즈
10,8,김성민,키움,투수,4/26/1994,"181cm, 90kg",대구옥산초-경복중-대구상원고-일본경제대-SK-히어로즈
11,68,김연주,키움,투수,2/27/2004,"175cm, 75kg",대전신흥초-충남중-세광고
12,10,김웅빈,키움,내야수,2/9/1996,"182cm, 97kg",서라벌초-울산제일중-울산공고-히어로즈-상무
13,19,김윤하,키움,투수,3/7/2005,"185cm, 90kg",와부초(남양주리틀)-덕수중-장충고
14,67,김인범,키움,투수,1/12/2000,"187cm, 91kg",하남동부초(하남시리틀)-전라중-전주고-키움-상무
15,32,김재현,키움,포수,3/18/1993,"178cm, 90kg",진북초-전라중-대전고-히어로즈-상무
16,69,김주훈,고양,투수,6/25/2003,"180cm, 80kg",울산대현초-부산신정중-용마고-동원과학기술대
17,65,김지성,고양,포수,5/27/2004,"174cm, 91kg",창영초-재능중-율곡고
18,1,김태진,키움,내야수,10/7/1995,"169cm, 73kg",수유초-신일중-신일고-NC-경찰-NC-KIA
19,22,로젠버그,키움,투수,7/9/1998,"186cm, 90kg",미국 California State(대)
0,45,박범준,키움,투수,5/28/2004,"183cm, 75kg",대전신흥초-한밭중-대전고
1,56,박성빈,키움,포수,4/21/2004,"177cm, 94kg",한밭초(계룡시리틀)-충남중-대전고
2,14,박수종,키움,외야수,2/25/1999,"178cm, 82kg",도신초-강남중-충암고-경성대
3,42,박승주,고양,투수,2/12/1994,"183cm, 96kg",화계초-언북중-경기고-동국대-넥센
4,80,박승호,고양,투수,3/24/2005,"185cm, 92kg",(익산시리틀)-전라중-군산상일고
5,35,박윤성,키움,투수,2/8/2004,"183cm, 96kg",부산수영초-개성중-경남고
6,94,박정훈,키움,투수,3/23/2006,"192cm, 103kg",삼일초-매향중-비봉고
7,0,박주성,키움,투수,11/9/2000,"180cm, 90kg",경동초(성동구리틀)-건대부중-경기고-키움-상무
8,57,박주홍,키움,외야수,4/16/2001,"187cm, 87kg",(하남시리틀)-건대부중-장충고
9,75,박준형,고양,포수,3/7/1999,"177cm, 89kg",화순초-무등중-광주제일고
10,79,박채울,고양,외야수,11/20/2004,"185cm, 86kg",부평초(인천서구리틀)-재능중-충암고
11,84,백진수,고양,투수,2/15/2003,"191cm, 97kg",광주대성초-무등중-광주제일고
12,9,변상권,키움,외야수,4/4/1997,"180cm, 80kg",인천서림초-상인천중-제물포고-인천재능대-히어로즈-키움-상무
13,98,서유신,키움,내야수,8/17/2000,"176cm, 76kg",광주수창초-충장중-화순고-원광대
14,63,손현기,키움,투수,10/22/2005,"188cm, 88kg",순천북초-순천이수중-전주고
15,100,손힘찬,고양,투수,7/17/2002,"191cm, 88kg",(수연영통구리틀)-현도중-세광고-동아대
16,24,송성문,키움,내야수,8/29/1996,"183cm, 88kg",봉천초(용산구리틀)-홍은중-장충고-히어로즈-키움-상무
17,86,송지후,고양,내야수,1/8/2005,"175cm, 74kg",광주수창초-진흥중-광주제일고
18,91,심휘윤,고양,내야수,5/28/2005,"183cm, 84kg",사당초-언북중-배재고
19,64,양경식,고양,내야수,2/3/2001,"171cm, 66kg",인천은봉초(인천남동구리틀)-동산중-제물포고
0,55,양지율,키움,투수,12/16/1998,"185cm, 103kg",서울청구초-홍은중-장충고
1,70,양현종,키움,내야수,8/15/2006,"177cm, 84kg",옥산초-협성경복중-대구고
2,92,어준서,키움,내야수,11/27/2006,"183cm, 87kg",수유초-자양중-경기고
3,93,여동욱,키움,내야수,11/10/2005,"180cm, 90kg",남도초-협성경복중-상원고
4,39,염승원,고양,내야수,3/20/2006,"180cm, 78kg",고명초-휘문중-휘문고
5,0,오상원,고양,투수,7/21/2004,"184cm, 82kg",서울온곡초(광진구리틀)-청원중-선린인터넷고
6,31,오석주,키움,투수,4/14/1998,"180cm, 74kg",양정초-대천중-제주고-LG
7,60,오선진,키움,내야수,7/7/1989,"178cm, 80kg",화곡초-성남중-성남고-한화-상무-한화-삼성-한화-롯데
8,83,오혜성,고양,투수,2/27/2006,"181cm, 85kg",(남동구리틀)-신흥중-제물포고
9,33,원성준,키움,외야수,3/31/2000,"181cm, 80kg",고명초-서울이수중-경기고-성균관대
10,46,원종현,키움,투수,7/31/1987,"182cm, 88kg",군산중앙초-군산중-군산상고-LG-경찰-NC
11,95,윤석원,고양,투수,7/4/2003,"185cm, 81kg",부산대연초-개성중-부산고
12,96,윤현,키움,투수,10/20/2006,"187cm, 90kg",가동초-자양중-경기고
13,37,이강준,키움,투수,12/14/2001,"180cm, 80kg",서당초-설악중-설악고-KT-롯데-키움-상무
14,34,이명기,고양,내야수,1/3/2000,"186cm, 105kg",광주대성초-충장중-광주동성고
15,26,이승원,키움,내야수,7/2/2004,"185cm, 75kg",도봉초(노원구리틀)-상명중-덕수고
16,15,이용규,키움,외야수,8/26/1985,"170cm, 74kg",성동초-잠신중-덕수정보고-LG-KIA-한화
17,102,이우석,고양,투수,4/16/1996,"185cm, 80kg",군산남초-군산남중-군산상고-NC-상무-NC
18,40,이우현,고양,투수,11/27/2005,"183cm, 80kg",배양초(화성동탄리틀)-안산중앙중-비봉고
19,17,이원석,키움,내야수,10/21/1986,"181cm, 82kg",학강초-광주동성중-광주동성고-(세민디지털대)-롯데-두산-상무-두산-삼성
0,5,이재상,키움,내야수,4/17/2005,"183cm, 85kg",갈산초-성남중-성남고
1,48,이종민,키움,투수,6/4/2001,"185cm, 96kg",성동초-덕수중-성남고
2,2,이주형,키움,외야수,4/2/2001,"181cm, 80kg",송수초(해운대리틀)-센텀중-경남고-LG
3,58,이주형,키움,내야수,7/5/2002,"183cm, 105kg",이매초-매송중-야탑고-키움-상무
4,101,이준우,고양,투수,3/2/2001,"183cm, 93kg",(해운대구리틀)-센텀중-경남고
5,36,이형종,키움,외야수,6/7/1989,"183cm, 87kg",화곡초-양천중-서울고-LG
6,6,임병욱,키움,외야수,9/30/1995,"187cm, 94kg",수원신곡초-배명중-덕수고-히어로즈-키움-상무
7,29,임지열,키움,외야수,8/22/1995,"180cm, 94kg",대전신흥초-건대부중-덕수고-히어로즈-경찰
8,82,임진묵,고양,투수,4/23/2006,"181cm, 85kg",천안청룡초-상명중-경기상고
9,61,장재영,키움,외야수,5/10/2002,"187cm, 83kg",갈산초-서울신월중-덕수고
10,18,장필준,키움,투수,4/8/1988,"190cm, 90kg",온양온천초-온양중-북일고-상무-삼성
11,62,전준표,키움,투수,5/7/2005,"186cm, 90kg",잠일초(강동구리틀)-잠신중-서울고
12,97,전태현,키움,내야수,3/2/2006,"180cm, 82kg",양덕초-마산동중-용마고
13,85,정동준,고양,투수,1/14/2002,"183cm, 90kg",(부산서구리틀)-외포중-용마고-경남대
14,77,정세영,고양,투수,9/23/2006,"177cm, 82kg",학동초-언북중-경기상고
15,13,정현우,키움,투수,4/13/2006,"181cm, 91kg",(서대문구리틀)-충암중-덕수고
16,43,조성훈,고양,투수,3/22/1999,"188cm, 85kg",응봉초(성동구리틀)-건대부중-청원고-SK-상무-SK-SSG
17,20,조영건,키움,투수,2/4/1999,"180cm, 85kg",대전신흥초-충남중-백송고
18,25,주성원,키움,외야수,8/30/2000,"182cm, 95kg",부산대연초(남구리틀)-부산신정중-개성고
19,30,주승우,키움,투수,1/30/2000,"180cm, 82kg",송추초(의정부리틀)-영동중-서울고-성균관대
0,53,최주환,키움,내야수,2/28/1988,"177cm, 73kg",학강초-광주동성중-광주동성고-두산-상무-두산-SK-SSG
1,4,카디네스,키움,외야수,10/10/1997,"185cm, 93kg",미국 California State(대)-삼성
2,66,푸이그,키움,외야수,12/7/1990,"188cm, 108kg",쿠바 EIEFD(대)-키움
3,50,하영민,키움,투수,5/7/1995,"183cm, 74kg",광주수창초-진흥중-진흥고-히어로즈
